Generation,PID,Epoch,Training Loss,Validation Loss,Best Loss(Generation), Accuracy,StopCount,Runtime
0,0,0,0.32692447,0.28161687,0.28161687,0.2129,   0/  3,3.20744491
0,0,1,0.28256483,0.28062784,0.28062784,0.2245,   0/  3,3.2244401
0,0,2,0.27834935,0.27344011,0.27344011,0.2595,   0/  3,3.22147059
0,0,3,0.27365904,0.26589184,0.26589184,0.2817,   0/  3,3.22249675
0,0,4,0.26413496,0.25735516,0.25735516,0.2887,   0/  3,3.2144556
0,0,5,0.25934653,0.26230265,0.25735516,0.2821,   1/  3,3.21520162
0,0,6,0.2579528,0.25589642,0.25589642,0.306,   1/  3,3.22155309
0,0,7,0.25727968,0.25477804,0.25477804,0.3084,   1/  3,3.21453547
0,0,8,0.25680026,0.25408924,0.25408924,0.2831,   1/  3,3.21286225
0,0,9,0.25642705,0.25585475,0.25408924,0.2937,   2/  3,3.22011161
0,0,10,0.25619599,0.25486662,0.25408924,0.2987,   3/  3,3.24859023
0,1,0,0.33359286,0.28901517,0.28901517,0.2346,   0/  3,3.14843822
0,1,1,0.28106465,0.27914732,0.27914732,0.2462,   0/  3,3.16666746
0,1,2,0.27640032,0.27560957,0.27560957,0.2908,   0/  3,3.15836215
0,1,3,0.27446585,0.27300762,0.27300762,0.2794,   0/  3,3.15603161
0,1,4,0.27327451,0.27291832,0.27291832,0.2733,   0/  3,3.16356206
0,1,5,0.27012038,0.26119027,0.26119027,0.3201,   0/  3,3.16647744
0,1,6,0.25930654,0.25711917,0.25711917,0.3184,   0/  3,3.16995168
0,1,7,0.25715734,0.25897677,0.25711917,0.3186,   1/  3,3.16708398
0,1,8,0.25599351,0.25529652,0.25529652,0.3135,   1/  3,3.16537213
0,1,9,0.25527439,0.25945541,0.25529652,0.3184,   2/  3,3.16943002
0,1,10,0.25471899,0.25410712,0.25410712,0.3323,   2/  3,3.18197727
0,1,11,0.2543208,0.25590948,0.25410712,0.3215,   3/  3,3.2023952
0,2,0,0.38139087,0.32505444,0.32505444,0.1135,   0/  3,3.32254839
0,2,1,0.32496945,0.32491153,0.32491153,0.1135,   0/  3,3.34497881
0,2,2,0.32497379,0.32492622,0.32491153,0.1135,   1/  3,3.34086323
0,2,3,0.32496167,0.32491134,0.32491134,0.1135,   1/  3,3.33984208
0,2,4,0.3249681,0.32490747,0.32490747,0.1135,   1/  3,3.33837819
0,2,5,0.32496318,0.32494119,0.32490747,0.1135,   2/  3,3.34231091
0,2,6,0.32496524,0.32493644,0.32490747,0.1135,   3/  3,3.34053993
0,3,0,0.34506237,0.32491187,0.32491187,0.1135,   0/  3,3.21882677
0,3,1,0.32500687,0.32494515,0.32491187,0.1135,   1/  3,3.23887014
0,3,2,0.32502019,0.32493861,0.32491187,0.1135,   2/  3,3.23775887
0,3,3,0.32502662,0.32497592,0.32491187,0.1028,   3/  3,3.24497318
0,4,0,0.40047307,0.32512687,0.32512687,0.1135,   0/  3,3.1591239
0,4,1,0.32497505,0.32491585,0.32491585,0.1135,   0/  3,3.17755604
0,4,2,0.32495517,0.32493508,0.32491585,0.1135,   1/  3,3.17709637
0,4,3,0.32495395,0.32495495,0.32491585,0.1135,   2/  3,3.17427182
0,4,4,0.32495126,0.32490507,0.32490507,0.1135,   2/  3,3.17986846
0,4,5,0.32495696,0.32491591,0.32490507,0.1135,   3/  3,3.17796421
0,5,0,0.39994477,0.32505095,0.32505095,0.1135,   0/  3,3.77467847
0,5,1,0.32497205,0.3249228,0.3249228,0.1135,   0/  3,3.77793598
0,5,2,0.32495623,0.32492332,0.3249228,0.1135,   1/  3,3.78600049
0,5,3,0.32495481,0.32494633,0.3249228,0.1135,   2/  3,3.78619552
0,5,4,0.32495696,0.32492862,0.3249228,0.1135,   3/  3,3.7837038
0,6,0,0.31051941,0.26300855,0.26300855,0.2497,   0/  3,3.96868229
0,6,1,0.25856266,0.25514927,0.25514927,0.2944,   0/  3,3.98555779
0,6,2,0.25475513,0.25564387,0.25514927,0.2987,   1/  3,3.99150276
0,6,3,0.2538613,0.25430176,0.25430176,0.3114,   1/  3,3.98695922
0,6,4,0.25376324,0.25271921,0.25271921,0.3331,   1/  3,3.98163509
0,6,5,0.25343818,0.25308149,0.25271921,0.3359,   2/  3,3.98450923
0,6,6,0.25325657,0.25276063,0.25271921,0.3001,   3/  3,3.99036241
0,7,0,0.31025676,0.24509379,0.24509379,0.3639,   0/  3,3.93860579
0,7,1,0.23939507,0.2335897,0.2335897,0.376,   0/  3,3.97697592
0,7,2,0.22922999,0.22598168,0.22598168,0.4409,   0/  3,3.97706079
0,7,3,0.22472705,0.22447014,0.22447014,0.414,   0/  3,3.98126531
0,7,4,0.22272289,0.22282116,0.22282116,0.431,   0/  3,3.97703481
0,7,5,0.22155507,0.22384405,0.22282116,0.4348,   1/  3,3.97257996
0,7,6,0.22023214,0.22207616,0.22207616,0.4387,   1/  3,3.97342443
0,7,7,0.21910891,0.21920896,0.21920896,0.4363,   1/  3,3.97184157
0,7,8,0.21846124,0.21978378,0.21920896,0.4411,   2/  3,3.99411631
0,7,9,0.21788803,0.21881565,0.21881565,0.4265,   2/  3,4.02524972
0,7,10,0.21675116,0.21838477,0.21838477,0.4288,   2/  3,4.07461071
0,7,11,0.21633206,0.21751005,0.21751005,0.4253,   2/  3,4.08678174
0,7,12,0.21560388,0.21582957,0.21582957,0.4377,   2/  3,4.15686297
0,7,13,0.21505433,0.21517965,0.21517965,0.4336,   2/  3,4.25744653
0,7,14,0.21436586,0.21565085,0.21517965,0.4341,   3/  3,4.27082229
0,8,0,0.31221693,0.2673251,0.2673251,0.2963,   0/  3,3.41427279
0,8,1,0.26153165,0.25799621,0.25799621,0.303,   0/  3,3.43652058
0,8,2,0.25731889,0.25525848,0.25525848,0.3123,   0/  3,3.43671966
0,8,3,0.25607757,0.25562147,0.25525848,0.306,   1/  3,3.43631339
0,8,4,0.2552655,0.25405438,0.25405438,0.3077,   1/  3,3.43530536
0,8,5,0.25463804,0.25755616,0.25405438,0.2986,   2/  3,3.43323517
0,8,6,0.25441256,0.25397463,0.25397463,0.318,   2/  3,3.4388957
0,8,7,0.25407669,0.25245618,0.25245618,0.3135,   2/  3,3.43930674
0,8,8,0.25395155,0.25330501,0.25245618,0.3215,   3/  3,3.44398975
0,9,0,0.33335169,0.27496959,0.27496959,0.2591,   0/  3,3.90045595
0,9,1,0.26746353,0.26279169,0.26279169,0.2876,   0/  3,3.93228936
0,9,2,0.26295821,0.26113784,0.26113784,0.332,   0/  3,3.9237833
0,9,3,0.26215967,0.25984854,0.25984854,0.3224,   0/  3,3.92764378
0,9,4,0.2627829,0.26102369,0.25984854,0.3146,   1/  3,3.93714547
0,9,5,0.26143302,0.26251866,0.25984854,0.3182,   2/  3,3.94084334
0,9,6,0.26128064,0.2620479,0.25984854,0.3108,   3/  3,3.9392395
1,0,0,0.34352297,0.32499267,0.32499267,0.1135,   0/  3,3.22342181
1,0,1,0.32502407,0.32508919,0.32499267,0.0974,   1/  3,3.24634814
1,0,2,0.32501818,0.32495166,0.32495166,0.1135,   1/  3,3.24072504
1,0,3,0.32502352,0.32496451,0.32495166,0.1135,   2/  3,3.24456763
1,0,4,0.32502965,0.32496338,0.32495166,0.1135,   3/  3,3.24533033
1,1,0,0.38855193,0.32503543,0.32503543,0.1135,   0/  3,3.92766571
1,1,1,0.32496317,0.32491419,0.32491419,0.1135,   0/  3,3.95414066
1,1,2,0.32495601,0.3249178,0.32491419,0.1135,   1/  3,3.95757723
1,1,3,0.32494981,0.32498899,0.32491419,0.1135,   2/  3,3.95161104
1,1,4,0.32495745,0.32491471,0.32491419,0.1135,   3/  3,3.9499526
1,2,0,0.39009704,0.32501495,0.32501495,0.1135,   0/  3,3.27682137
1,2,1,0.32496052,0.32494133,0.32494133,0.1135,   0/  3,3.2906332
1,2,2,0.32495596,0.32493525,0.32493525,0.1135,   0/  3,3.28614831
1,2,3,0.32495857,0.32492312,0.32492312,0.1135,   0/  3,3.28441906
1,2,4,0.32494964,0.32492741,0.32492312,0.1135,   1/  3,3.29017043
1,2,5,0.32495761,0.32490784,0.32490784,0.1135,   1/  3,3.28843641
1,2,6,0.3249526,0.32492111,0.32490784,0.1135,   2/  3,3.28740144
1,2,7,0.32496019,0.32491153,0.32490784,0.1135,   3/  3,3.27977991
1,3,0,0.32481007,0.29053847,0.29053847,0.2849,   0/  3,3.82863736
1,3,1,0.28617106,0.28166661,0.28166661,0.2502,   0/  3,3.85107303
1,3,2,0.28123959,0.27762882,0.27762882,0.2891,   0/  3,3.85289454
1,3,3,0.27980906,0.27689735,0.27689735,0.2997,   0/  3,3.85904193
1,3,4,0.27808602,0.27429728,0.27429728,0.3568,   0/  3,3.85025358
1,3,5,0.27015984,0.26577215,0.26577215,0.344,   0/  3,3.84901023
1,3,6,0.26664764,0.26472728,0.26472728,0.3268,   0/  3,3.86563802
1,3,7,0.26546996,0.26327485,0.26327485,0.3316,   0/  3,3.85241199
1,3,8,0.26484283,0.26284634,0.26284634,0.3305,   0/  3,3.8747468
1,3,9,0.26433365,0.26297403,0.26284634,0.3348,   1/  3,3.89452767
1,3,10,0.26388316,0.26265012,0.26265012,0.3322,   1/  3,3.90653181
1,3,11,0.26386185,0.26307639,0.26265012,0.3574,   2/  3,3.91697645
1,3,12,0.26384939,0.26418021,0.26265012,0.3677,   3/  3,3.97176576
1,4,0,0.34686867,0.32494503,0.32494503,0.1135,   0/  3,3.80769753
1,4,1,0.32499804,0.32495202,0.32494503,0.1135,   1/  3,3.83234406
1,4,2,0.32499822,0.32500463,0.32494503,0.1135,   2/  3,3.83490276
1,4,3,0.32500268,0.32491078,0.32491078,0.1135,   2/  3,3.82564092
1,4,4,0.32500137,0.32506346,0.32491078,0.1135,   3/  3,3.83307219
1,5,0,0.35420535,0.32497318,0.32497318,0.1135,   0/  3,3.90194368
1,5,1,0.32499305,0.32492693,0.32492693,0.1135,   0/  3,3.91014528
1,5,2,0.3249972,0.32497767,0.32492693,0.1135,   1/  3,3.91659904
1,5,3,0.32500195,0.32497164,0.32492693,0.1135,   2/  3,3.91709995
1,5,4,0.32498723,0.32497478,0.32492693,0.1135,   3/  3,3.91000772
1,6,0,0.34082694,0.32499538,0.32499538,0.1135,   0/  3,3.81575251
1,6,1,0.32501676,0.32505941,0.32499538,0.1135,   1/  3,3.8307755
1,6,2,0.32500108,0.32499707,0.32499538,0.1135,   2/  3,3.82576656
1,6,3,0.32502682,0.32500179,0.32499538,0.1135,   3/  3,3.82615232
1,7,0,0.3069967,0.2598912,0.2598912,0.3057,   0/  3,3.94902205
1,7,1,0.25694906,0.25253645,0.25253645,0.3492,   0/  3,3.9713645
1,7,2,0.25182811,0.24823738,0.24823738,0.346,   0/  3,3.98355436
1,7,3,0.24922403,0.2532331,0.24823738,0.3283,   1/  3,3.98689842
1,7,4,0.24813244,0.24629494,0.24629494,0.3353,   1/  3,3.9788723
1,7,5,0.24724709,0.24499623,0.24499623,0.3566,   1/  3,3.99097943
1,7,6,0.24665897,0.24401529,0.24401529,0.3615,   1/  3,3.98244834
1,7,7,0.24618866,0.24618772,0.24401529,0.3536,   2/  3,3.98051763
1,7,8,0.24586194,0.24393397,0.24393397,0.3647,   2/  3,3.98543239
1,7,9,0.24523582,0.24388167,0.24388167,0.3668,   2/  3,4.0248816
1,7,10,0.24404994,0.24592531,0.24388167,0.3621,   3/  3,4.09772277
1,8,0,0.35212441,0.32500727,0.32500727,0.1136,   0/  3,3.27471614
1,8,1,0.32508471,0.32494847,0.32494847,0.1135,   0/  3,3.29454947
1,8,2,0.32015932,0.29348252,0.29348252,0.192,   0/  3,3.29315138
1,8,3,0.26998909,0.25866908,0.25866908,0.316,   0/  3,3.26996946
1,8,4,0.25678231,0.25364306,0.25364306,0.3185,   0/  3,3.26576757
1,8,5,0.2551667,0.25363868,0.25363868,0.3121,   0/  3,3.2630794
1,8,6,0.25429411,0.25691466,0.25363868,0.3174,   1/  3,3.26401353
1,8,7,0.25420548,0.25310884,0.25310884,0.3149,   1/  3,3.27165508
1,8,8,0.25393046,0.25453323,0.25310884,0.3141,   2/  3,3.27016687
1,8,9,0.25374827,0.25289434,0.25289434,0.3179,   2/  3,3.28673005
1,8,10,0.25372179,0.25332603,0.25289434,0.3168,   3/  3,3.3398025
1,9,0,0.30444455,0.26779506,0.26779506,0.2745,   0/  3,3.78996873
1,9,1,0.26334497,0.25994827,0.25994827,0.2949,   0/  3,3.80908489
1,9,2,0.2581238,0.25546119,0.25546119,0.307,   0/  3,3.81287313
1,9,3,0.25599503,0.25352063,0.25352063,0.327,   0/  3,3.80742812
1,9,4,0.25509401,0.2529517,0.2529517,0.309,   0/  3,3.81819582
1,9,5,0.2546398,0.25519588,0.2529517,0.3205,   1/  3,3.80824137
1,9,6,0.25423155,0.25446975,0.2529517,0.3042,   2/  3,3.81192422
1,9,7,0.2539039,0.25411027,0.2529517,0.3279,   3/  3,3.81239796
2,0,0,0.38470165,0.3250093,0.3250093,0.1135,   0/  3,3.28575754
2,0,1,0.32500646,0.32496328,0.32496328,0.1135,   0/  3,3.31020832
2,0,2,0.3046621,0.29172647,0.29172647,0.2024,   0/  3,3.28715944
2,0,3,0.2893248,0.29018308,0.29018308,0.2103,   0/  3,3.29621887
2,0,4,0.28837934,0.28900228,0.28900228,0.2184,   0/  3,3.28757668
2,0,5,0.28136188,0.27616756,0.27616756,0.2742,   0/  3,3.27216148
2,0,6,0.27331924,0.27230945,0.27230945,0.31,   0/  3,3.26441288
2,0,7,0.26914273,0.26810415,0.26810415,0.3571,   0/  3,3.26213479
2,0,8,0.26620904,0.26665123,0.26665123,0.381,   0/  3,3.28175259
2,0,9,0.26152279,0.25885338,0.25885338,0.3884,   0/  3,3.30325842
2,0,10,0.25686397,0.25871461,0.25871461,0.392,   0/  3,3.33417797
2,0,11,0.25668005,0.25835138,0.25835138,0.3922,   0/  3,3.35685754
2,0,12,0.25654742,0.25891075,0.25835138,0.3833,   1/  3,3.40453339
2,0,13,0.25589175,0.26202524,0.25835138,0.4007,   2/  3,3.46581197
2,0,14,0.2559104,0.25908127,0.25835138,0.4042,   3/  3,3.50352311
2,1,0,0.34670545,0.32494939,0.32494939,0.1135,   0/  3,3.77690125
2,1,1,0.32502693,0.32492345,0.32492345,0.1135,   0/  3,3.80084109
2,1,2,0.32500519,0.32493545,0.32492345,0.1135,   1/  3,3.7960887
2,1,3,0.32502156,0.32501371,0.32492345,0.101,   2/  3,3.80194092
2,1,4,0.32500674,0.32497001,0.32492345,0.1135,   3/  3,3.80180883
2,2,0,0.30095584,0.2287334,0.2287334,0.4277,   0/  3,3.87400484
2,2,1,0.20671449,0.20063422,0.20063422,0.4737,   0/  3,3.91949415
2,2,2,0.19837305,0.19776984,0.19776984,0.4649,   0/  3,3.92472839
2,2,3,0.19263853,0.18860823,0.18860823,0.5351,   0/  3,3.92362499
2,2,4,0.18222339,0.18194051,0.18194051,0.5601,   0/  3,3.92286897
2,2,5,0.17867307,0.18439088,0.18194051,0.5492,   1/  3,3.91890526
2,2,6,0.17725703,0.17805021,0.17805021,0.5651,   1/  3,3.92017627
2,2,7,0.1759802,0.18163202,0.17805021,0.5613,   2/  3,3.9242928
2,2,8,0.17508839,0.17795019,0.17795019,0.5713,   2/  3,3.9380157
2,2,9,0.17381951,0.17594183,0.17594183,0.5812,   2/  3,3.95366263
2,2,10,0.17119224,0.1727735,0.1727735,0.5903,   2/  3,3.98564053
2,2,11,0.168683,0.17017283,0.17017283,0.5987,   2/  3,4.01122379
2,2,12,0.16732063,0.17025291,0.17017283,0.5996,   3/  3,4.04195285
2,3,0,0.27193279,0.1630154,0.1630154,0.6372,   0/  3,3.97100568
2,3,1,0.15101653,0.1459278,0.1459278,0.7158,   0/  3,3.99207544
2,3,2,0.1260676,0.1270207,0.1270207,0.7606,   0/  3,4.00052524
2,3,3,0.11918348,0.11387754,0.11387754,0.7914,   0/  3,4.002774
2,3,4,0.11609477,0.11225971,0.11225971,0.7967,   0/  3,4.00046015
2,3,5,0.11497981,0.11924878,0.11225971,0.7882,   1/  3,4.00827169
2,3,6,0.1135854,0.11213332,0.11213332,0.8023,   1/  3,4.00445485
2,3,7,0.1117214,0.11362803,0.11213332,0.7895,   2/  3,4.00465727
2,3,8,0.10968327,0.10463489,0.10463489,0.8134,   2/  3,4.01860452
2,3,9,0.10772201,0.11172548,0.10463489,0.7984,   3/  3,4.0520463
2,4,0,0.33426724,0.29834608,0.29834608,0.2095,   0/  3,3.88096094
2,4,1,0.28794704,0.28071281,0.28071281,0.2614,   0/  3,3.92226982
2,4,2,0.27864843,0.27304599,0.27304599,0.2889,   0/  3,3.92043519
2,4,3,0.27419912,0.27178473,0.27178473,0.2853,   0/  3,3.91988325
2,4,4,0.27280793,0.27187172,0.27178473,0.2917,   1/  3,3.91362667
2,4,5,0.27175325,0.27032298,0.27032298,0.3174,   1/  3,3.91663694
2,4,6,0.26869275,0.26830139,0.26830139,0.3747,   1/  3,3.91364455
2,4,7,0.26517379,0.26432248,0.26432248,0.375,   1/  3,3.91407132
2,4,8,0.26391363,0.26422043,0.26422043,0.3116,   1/  3,3.92888713
2,4,9,0.26319999,0.26291561,0.26291561,0.3815,   1/  3,3.96614242
2,4,10,0.26270763,0.2650428,0.26291561,0.3139,   2/  3,4.00550342
2,4,11,0.26244629,0.26479754,0.26291561,0.3091,   3/  3,4.02892113
2,5,0,0.20866001,0.16089459,0.16089459,0.6654,   0/  3,3.98901033
2,5,1,0.14455074,0.134207,0.134207,0.7173,   0/  3,4.0359962
2,5,2,0.12583435,0.1190218,0.1190218,0.7675,   0/  3,4.04568434
2,5,3,0.11908298,0.12245762,0.1190218,0.7921,   1/  3,4.03769469
2,5,4,0.11233928,0.11421899,0.11421899,0.7812,   1/  3,4.01558971
2,5,5,0.10559397,0.1042474,0.1042474,0.8257,   1/  3,4.01709938
2,5,6,0.10078307,0.10116305,0.10116305,0.842,   1/  3,4.02227259
2,5,7,0.09715953,0.0996136,0.0996136,0.8512,   1/  3,4.03061914
2,5,8,0.09376185,0.09449221,0.09449221,0.8571,   1/  3,4.039644
2,5,9,0.09012394,0.1009174,0.09449221,0.8543,   2/  3,4.07655859
2,5,10,0.08839118,0.08780693,0.08780693,0.8596,   2/  3,4.1189158
2,5,11,0.08436341,0.08429803,0.08429803,0.8699,   2/  3,4.1353755
2,5,12,0.08086218,0.08283188,0.08283188,0.8729,   2/  3,4.20419788
2,5,13,0.07921046,0.08686895,0.08283188,0.8654,   3/  3,4.28988647
2,6,0,0.34835002,0.32497733,0.32497733,0.1135,   0/  3,3.77553678
2,6,1,0.32498823,0.32496357,0.32496357,0.1135,   0/  3,3.79272079
2,6,2,0.32501055,0.32493614,0.32493614,0.1135,   0/  3,3.79652143
2,6,3,0.32502136,0.32494457,0.32493614,0.1135,   1/  3,3.7972579
2,6,4,0.3249948,0.32500155,0.32493614,0.1135,   2/  3,3.78928232
2,6,5,0.32501447,0.32504001,0.32493614,0.1135,   3/  3,3.79668164
2,7,0,0.34190373,0.32508763,0.32508763,0.101,   0/  3,4.077245
2,7,1,0.32504189,0.32504585,0.32504585,0.1135,   0/  3,4.09631252
2,7,2,0.32506146,0.32500014,0.32500014,0.1135,   0/  3,4.10484505
2,7,3,0.32507205,0.32499202,0.32499202,0.1135,   0/  3,4.10531902
2,7,4,0.3250603,0.32497148,0.32497148,0.1135,   0/  3,4.10559869
2,7,5,0.32505395,0.3250048,0.32497148,0.1135,   1/  3,4.11229777
2,7,6,0.3250511,0.3251105,0.32497148,0.1135,   2/  3,4.10650897
2,7,7,0.32506129,0.32501583,0.32497148,0.1135,   3/  3,4.11592388
2,8,0,0.34381489,0.32506791,0.32506791,0.1135,   0/  3,3.13457251
2,8,1,0.32502817,0.32507663,0.32506791,0.1135,   1/  3,3.14347219
2,8,2,0.3250166,0.32503392,0.32503392,0.101,   1/  3,3.14517617
2,8,3,0.32503332,0.32498013,0.32498013,0.1135,   1/  3,3.14222074
2,8,4,0.32501569,0.32505643,0.32498013,0.1135,   2/  3,3.15214491
2,8,5,0.32501975,0.32503924,0.32498013,0.1135,   3/  3,3.13727689
2,9,0,0.32434251,0.29054141,0.29054141,0.2997,   0/  3,3.81551433
2,9,1,0.28353198,0.28169825,0.28169825,0.3012,   0/  3,3.83654022
2,9,2,0.27905261,0.27895893,0.27895893,0.3153,   0/  3,3.83297062
2,9,3,0.27792463,0.28105939,0.27895893,0.3224,   1/  3,3.82843757
2,9,4,0.27738839,0.28002866,0.27895893,0.3103,   2/  3,3.83429456
2,9,5,0.2768178,0.27993832,0.27895893,0.3107,   3/  3,3.82880378
3,0,0,0.25701106,0.19192929,0.19192929,0.5852,   0/  3,3.36681199
3,0,1,0.17481039,0.16227747,0.16227747,0.6584,   0/  3,3.39565563
3,0,2,0.16148084,0.15462417,0.15462417,0.6667,   0/  3,3.3934803
3,0,3,0.13868418,0.1194813,0.1194813,0.7796,   0/  3,3.38807631
3,0,4,0.12588229,0.12812934,0.1194813,0.7669,   1/  3,3.38411689
3,0,5,0.12250927,0.1201129,0.1194813,0.7852,   2/  3,3.38513994
3,0,6,0.11919444,0.12004106,0.1194813,0.7866,   3/  3,3.38088298
3,1,0,0.36935437,0.32493361,0.32493361,0.1135,   0/  3,3.3230176
3,1,1,0.32499519,0.32498663,0.32493361,0.1135,   1/  3,3.35142183
3,1,2,0.32501096,0.32491064,0.32491064,0.1135,   1/  3,3.35408425
3,1,3,0.3250096,0.32495095,0.32491064,0.1135,   2/  3,3.35143876
3,1,4,0.32501112,0.32495614,0.32491064,0.1135,   3/  3,3.34826612
3,2,0,0.2454772,0.18707401,0.18707401,0.605,   0/  3,3.98506689
3,2,1,0.16386445,0.14254428,0.14254428,0.6969,   0/  3,3.99544835
3,2,2,0.13844828,0.12923193,0.12923193,0.7234,   0/  3,3.99611664
3,2,3,0.12977938,0.12006791,0.12006791,0.7411,   0/  3,3.99547648
3,2,4,0.11653461,0.11594818,0.11594818,0.7611,   0/  3,3.98938417
3,2,5,0.11046276,0.105842,0.105842,0.7972,   0/  3,3.99918818
3,2,6,0.10418055,0.10285417,0.10285417,0.8049,   0/  3,3.99235225
3,2,7,0.10160287,0.10085388,0.10085388,0.808,   0/  3,4.00320959
3,2,8,0.10039505,0.10401917,0.10085388,0.8134,   1/  3,4.01063156
3,2,9,0.0994163,0.09923183,0.09923183,0.8128,   1/  3,4.03965569
3,2,10,0.09840845,0.11243191,0.09923183,0.7684,   2/  3,4.07552648
3,2,11,0.09757974,0.10131745,0.09923183,0.8117,   3/  3,4.09405661
3,3,0,0.27740483,0.20512492,0.20512492,0.4633,   0/  3,4.00848937
3,3,1,0.1924678,0.17506508,0.17506508,0.6242,   0/  3,4.0333488
3,3,2,0.16953917,0.15334244,0.15334244,0.7251,   0/  3,4.04837251
3,3,3,0.14202809,0.13446536,0.13446536,0.7664,   0/  3,4.04943514
3,3,4,0.1285826,0.11936222,0.11936222,0.7748,   0/  3,4.0519228
3,3,5,0.11773825,0.1141056,0.1141056,0.791,   0/  3,4.04871964
3,3,6,0.1120149,0.11044244,0.11044244,0.8084,   0/  3,4.05053043
3,3,7,0.10975613,0.1085676,0.1085676,0.8091,   0/  3,4.04740763
3,3,8,0.10791109,0.10701294,0.10701294,0.8222,   0/  3,4.05352831
3,3,9,0.10573819,0.10750443,0.10701294,0.8208,   1/  3,4.10640407
3,3,10,0.10395337,0.10321641,0.10321641,0.8279,   1/  3,4.17802024
3,3,11,0.10195245,0.10262059,0.10262059,0.8288,   1/  3,4.20035386
3,3,12,0.10003457,0.10192114,0.10192114,0.8421,   1/  3,4.27412319
3,3,13,0.09887633,0.10112194,0.10112194,0.8415,   1/  3,4.48761988
3,3,14,0.09789313,0.09859927,0.09859927,0.8423,   1/  3,4.50925517
3,3,15,0.09732427,0.09549646,0.09549646,0.8494,   1/  3,4.50584292
3,3,16,0.09642929,0.09741523,0.09549646,0.8442,   2/  3,4.49434781
3,3,17,0.09600995,0.09805122,0.09549646,0.8376,   3/  3,4.50412631
3,4,0,0.34829172,0.32494765,0.32494765,0.1135,   0/  3,3.77322936
3,4,1,0.32498403,0.32496926,0.32494765,0.1135,   1/  3,3.78660202
3,4,2,0.32499472,0.32493738,0.32493738,0.1135,   1/  3,3.79048514
3,4,3,0.32499027,0.32496389,0.32493738,0.1135,   2/  3,3.78252745
3,4,4,0.32498981,0.32497333,0.32493738,0.1135,   3/  3,3.78539705
3,5,0,0.24159283,0.1831406,0.1831406,0.6116,   0/  3,4.03275418
3,5,1,0.16598235,0.1576181,0.1576181,0.6489,   0/  3,4.05940104
3,5,2,0.15568975,0.15183642,0.15183642,0.6834,   0/  3,4.05614686
3,5,3,0.15206367,0.15039629,0.15039629,0.6981,   0/  3,4.06451964
3,5,4,0.14990875,0.14874201,0.14874201,0.689,   0/  3,4.05691934
3,5,5,0.14884787,0.15172672,0.14874201,0.6969,   1/  3,4.05930614
3,5,6,0.1485612,0.14898432,0.14874201,0.6926,   2/  3,4.0626204
3,5,7,0.14663714,0.15143283,0.14874201,0.6926,   3/  3,4.05839801
3,6,0,0.33488956,0.2947891,0.2947891,0.2072,   0/  3,3.79987192
3,6,1,0.28396914,0.27994559,0.27994559,0.2346,   0/  3,3.83060575
3,6,2,0.27773183,0.2778574,0.2778574,0.2712,   0/  3,3.83977675
3,6,3,0.27543974,0.27596389,0.27596389,0.2774,   0/  3,3.83232713
3,6,4,0.27479639,0.27456712,0.27456712,0.2486,   0/  3,3.82753944
3,6,5,0.27413311,0.2737894,0.2737894,0.2513,   0/  3,3.83411598
3,6,6,0.27329667,0.27291026,0.27291026,0.2727,   0/  3,3.83531332
3,6,7,0.27250767,0.27212913,0.27212913,0.2733,   0/  3,3.8357296
3,6,8,0.27202415,0.27211896,0.27211896,0.2551,   0/  3,3.84080839
3,6,9,0.27122488,0.27074061,0.27074061,0.2671,   0/  3,3.86791897
3,6,10,0.27017817,0.26975271,0.26975271,0.2819,   0/  3,3.88441586
3,6,11,0.26906756,0.26862565,0.26862565,0.2848,   0/  3,3.90487504
3,6,12,0.26852981,0.26858289,0.26858289,0.2769,   0/  3,3.95177746
3,6,13,0.26923603,0.2717735,0.26858289,0.2203,   1/  3,4.03139925
3,6,14,0.2688628,0.26938178,0.26858289,0.2432,   2/  3,4.04832673
3,6,15,0.26876032,0.26860836,0.26858289,0.2851,   3/  3,4.03740025
3,7,0,0.20192793,0.1568882,0.1568882,0.7005,   0/  3,3.98765206
3,7,1,0.13214507,0.12815342,0.12815342,0.7723,   0/  3,4.01278925
3,7,2,0.11780407,0.11540582,0.11540582,0.819,   0/  3,4.01669478
3,7,3,0.10816979,0.11057136,0.11057136,0.8226,   0/  3,4.01391912
3,7,4,0.10259878,0.10231459,0.10231459,0.8283,   0/  3,4.01444626
3,7,5,0.09989973,0.10534743,0.10231459,0.8306,   1/  3,4.01892471
3,7,6,0.09744832,0.09508374,0.09508374,0.8425,   1/  3,4.01896048
3,7,7,0.09538965,0.09588816,0.09508374,0.8405,   2/  3,4.02023935
3,7,8,0.09335421,0.09273417,0.09273417,0.8485,   2/  3,4.03535819
3,7,9,0.09107193,0.09301156,0.09273417,0.8475,   3/  3,4.08145499
3,8,0,0.34527932,0.32502177,0.32502177,0.1135,   0/  3,3.98002219
3,8,1,0.32504117,0.32502671,0.32502177,0.1135,   1/  3,4.01149511
3,8,2,0.32504237,0.32503603,0.32502177,0.1028,   2/  3,4.0013063
3,8,3,0.32503339,0.32512655,0.32502177,0.1028,   3/  3,4.01326776
3,9,0,0.39059107,0.32508416,0.32508416,0.1136,   0/  3,3.94327354
3,9,1,0.32497467,0.32490425,0.32490425,0.1136,   0/  3,3.96728444
3,9,2,0.32488771,0.32491877,0.32490425,0.1135,   1/  3,3.96213102
3,9,3,0.32495147,0.32496153,0.32490425,0.1135,   2/  3,3.96146846
3,9,4,0.32495803,0.32492321,0.32490425,0.1135,   3/  3,3.97069621
4,0,0,0.36175259,0.32496123,0.32496123,0.1135,   0/  3,3.13799834
4,0,1,0.32499634,0.32499233,0.32496123,0.1028,   1/  3,3.14670539
4,0,2,0.3249949,0.32497572,0.32496123,0.1135,   2/  3,3.14536262
4,0,3,0.32499267,0.32499015,0.32496123,0.1135,   3/  3,3.14958
4,1,0,0.25711258,0.1833098,0.1833098,0.5067,   0/  3,4.00453877
4,1,1,0.16860832,0.15101993,0.15101993,0.6841,   0/  3,4.04691029
4,1,2,0.1384869,0.13201369,0.13201369,0.7411,   0/  3,4.03756332
4,1,3,0.12757251,0.12299365,0.12299365,0.7787,   0/  3,4.04499793
4,1,4,0.12216408,0.13119383,0.12299365,0.7449,   1/  3,4.04139161
4,1,5,0.11922674,0.12247503,0.12247503,0.7759,   1/  3,4.04128456
4,1,6,0.11732308,0.12075109,0.12075109,0.7815,   1/  3,4.04419136
4,1,7,0.11610906,0.11490509,0.11490509,0.794,   1/  3,4.04921293
4,1,8,0.11530751,0.11423951,0.11423951,0.7986,   1/  3,4.06104302
4,1,9,0.11461621,0.12035341,0.11423951,0.7729,   2/  3,4.11434436
4,1,10,0.11432258,0.11469083,0.11423951,0.7904,   3/  3,4.19857883
4,2,0,0.30182899,0.28218899,0.28218899,0.2126,   0/  3,4.05874634
4,2,1,0.28289687,0.28129251,0.28129251,0.2053,   0/  3,4.09470487
4,2,2,0.2807977,0.27483535,0.27483535,0.257,   0/  3,4.09607911
4,2,3,0.26790122,0.25921966,0.25921966,0.2892,   0/  3,4.08921003
4,2,4,0.25686039,0.25452808,0.25452808,0.3004,   0/  3,4.08510041
4,2,5,0.25471093,0.2511099,0.2511099,0.3166,   0/  3,4.0859921
4,2,6,0.25461191,0.25047563,0.25047563,0.3228,   0/  3,4.08752823
4,2,7,0.25470433,0.25264073,0.25047563,0.3234,   1/  3,4.08514667
4,2,8,0.25410145,0.25081828,0.25047563,0.3185,   2/  3,4.09629536
4,2,9,0.25471891,0.25272105,0.25047563,0.31,   3/  3,4.1651082
4,3,0,0.36337981,0.31269799,0.31269799,0.2187,   0/  3,3.74573898
4,3,1,0.29925341,0.28925509,0.28925509,0.2257,   0/  3,3.76531768
4,3,2,0.28421921,0.28255903,0.28255903,0.2492,   0/  3,3.76178694
4,3,3,0.28039875,0.28095309,0.28095309,0.2548,   0/  3,3.76701713
4,3,4,0.27902623,0.2793439,0.2793439,0.2573,   0/  3,3.76610565
4,3,5,0.27824702,0.2786695,0.2786695,0.2818,   0/  3,3.7664094
4,3,6,0.27757006,0.2781938,0.2781938,0.2714,   0/  3,3.77416158
4,3,7,0.2766648,0.27717756,0.27717756,0.2971,   0/  3,3.76668811
4,3,8,0.27529365,0.27573707,0.27573707,0.2961,   0/  3,3.77176261
4,3,9,0.27309667,0.2724105,0.2724105,0.2876,   0/  3,3.7827909
4,3,10,0.26939411,0.26834313,0.26834313,0.2763,   0/  3,3.80090714
4,3,11,0.26749104,0.26810876,0.26810876,0.2675,   0/  3,3.81187153
4,3,12,0.2669331,0.26730825,0.26730825,0.2683,   0/  3,3.82258797
4,3,13,0.26668497,0.26663556,0.26663556,0.2531,   0/  3,3.84683514
4,3,14,0.26645848,0.26651446,0.26651446,0.2483,   0/  3,3.8907187
4,3,15,0.2661419,0.26630678,0.26630678,0.2407,   0/  3,3.87798405
4,3,16,0.26585439,0.26580028,0.26580028,0.2289,   0/  3,3.8767972
4,3,17,0.26557237,0.26573143,0.26573143,0.2239,   0/  3,3.88157749
4,3,18,0.26530573,0.26540942,0.26540942,0.2269,   0/  3,3.88900971
4,3,19,0.26518223,0.26523801,0.26523801,0.221,   0/  3,3.88386011
4,3,20,0.26507992,0.26527701,0.26523801,0.2253,   1/  3,3.88563561
4,3,21,0.26505161,0.26529826,0.26523801,0.2154,   2/  3,3.88824701
4,3,22,0.26497926,0.26524961,0.26523801,0.2128,   3/  3,3.88021207
4,4,0,0.23405509,0.19850386,0.19850386,0.519,   0/  3,4.02186513
4,4,1,0.17803473,0.17454898,0.17454898,0.5908,   0/  3,4.06607676
4,4,2,0.17352411,0.17151509,0.17151509,0.5933,   0/  3,4.06683469
4,4,3,0.17277151,0.17083785,0.17083785,0.6001,   0/  3,4.07150578
4,4,4,0.17133946,0.17004725,0.17004725,0.5924,   0/  3,4.06417823
4,4,5,0.17051377,0.16779183,0.16779183,0.5934,   0/  3,4.07054591
4,4,6,0.16989299,0.16384889,0.16384889,0.6118,   0/  3,4.06918979
4,4,7,0.16881227,0.16470932,0.16384889,0.623,   1/  3,4.06537724
4,4,8,0.16913646,0.16949411,0.16384889,0.6079,   2/  3,4.08386445
4,4,9,0.16873427,0.16643337,0.16384889,0.6154,   3/  3,4.16444111
4,5,0,0.26502342,0.23244417,0.23244417,0.4887,   0/  3,4.01065922
4,5,1,0.22128012,0.19160809,0.19160809,0.579,   0/  3,4.04504037
4,5,2,0.18625772,0.1745809,0.1745809,0.6433,   0/  3,4.05916667
4,5,3,0.16993895,0.1630301,0.1630301,0.6766,   0/  3,4.05045724
4,5,4,0.16055897,0.15680155,0.15680155,0.6744,   0/  3,4.04796362
4,5,5,0.15665825,0.16202369,0.15680155,0.674,   1/  3,4.04880619
4,5,6,0.14949165,0.1494429,0.1494429,0.7038,   1/  3,4.04942703
4,5,7,0.14340094,0.14235787,0.14235787,0.7338,   1/  3,4.04988122
4,5,8,0.13910084,0.13674603,0.13674603,0.7532,   1/  3,4.06878757
4,5,9,0.13365077,0.13042976,0.13042976,0.7679,   1/  3,4.12942576
4,5,10,0.1280721,0.12626824,0.12626824,0.777,   1/  3,4.21413016
4,5,11,0.12565418,0.12604577,0.12604577,0.7846,   1/  3,4.24782133
4,5,12,0.12387644,0.12366126,0.12366126,0.7799,   1/  3,4.33530593
4,5,13,0.12248323,0.12557764,0.12366126,0.7814,   2/  3,4.54760098
4,5,14,0.12230127,0.12037546,0.12037546,0.791,   2/  3,4.59233999
4,5,15,0.12082251,0.1224983,0.12037546,0.7831,   3/  3,4.58859491
4,6,0,0.15484647,0.08971586,0.08971586,0.8463,   0/  3,3.94368434
4,6,1,0.07629714,0.06839955,0.06839955,0.887,   0/  3,3.97066164
4,6,2,0.06729757,0.06213135,0.06213135,0.8991,   0/  3,3.97722387
4,6,3,0.06088544,0.05738941,0.05738941,0.9018,   0/  3,3.96861362
4,6,4,0.05549194,0.05533433,0.05533433,0.9072,   0/  3,3.97756076
4,6,5,0.05281586,0.05568352,0.05533433,0.906,   1/  3,3.97820902
4,6,6,0.0516091,0.05262175,0.05262175,0.9157,   1/  3,3.98002625
4,6,7,0.05028844,0.05369662,0.05262175,0.9153,   2/  3,3.98000026
4,6,8,0.04940054,0.05338335,0.05262175,0.9155,   3/  3,3.98270297
4,7,0,0.19847944,0.12307353,0.12307353,0.7415,   0/  3,3.98916864
4,7,1,0.1173612,0.10444948,0.10444948,0.8024,   0/  3,4.01736784
4,7,2,0.10491276,0.09764409,0.09764409,0.8173,   0/  3,4.03153419
4,7,3,0.09970952,0.09517104,0.09517104,0.8321,   0/  3,4.03254819
4,7,4,0.09643722,0.09667686,0.09517104,0.8299,   1/  3,4.02919817
4,7,5,0.09423159,0.09560788,0.09517104,0.8419,   2/  3,4.02809763
4,7,6,0.09166947,0.09512813,0.09512813,0.8403,   2/  3,4.0259583
4,7,7,0.09005477,0.08981528,0.08981528,0.8539,   2/  3,4.02743077
4,7,8,0.08898738,0.08784326,0.08784326,0.8525,   2/  3,4.03533888
4,7,9,0.08815907,0.08859747,0.08784326,0.8426,   3/  3,4.06168151
4,8,0,0.2882069,0.26608433,0.26608433,0.2727,   0/  3,3.74749875
4,8,1,0.26176896,0.25874373,0.25874373,0.3011,   0/  3,3.76922107
4,8,2,0.25776711,0.25827386,0.25827386,0.3002,   0/  3,3.76729655
4,8,3,0.25698616,0.25796708,0.25796708,0.3163,   0/  3,3.76638365
4,8,4,0.25629923,0.25623495,0.25623495,0.3248,   0/  3,3.75774741
4,8,5,0.25590846,0.25737993,0.25623495,0.3199,   1/  3,3.75820589
4,8,6,0.25476993,0.25414493,0.25414493,0.3367,   1/  3,3.75972819
4,8,7,0.25309504,0.2535234,0.2535234,0.3367,   1/  3,3.7559886
4,8,8,0.25165494,0.25539931,0.2535234,0.3306,   2/  3,3.76244998
4,8,9,0.25052749,0.25139729,0.25139729,0.3516,   2/  3,3.78635335
4,8,10,0.2507904,0.25528435,0.25139729,0.3284,   3/  3,3.79326868
4,9,0,0.33253913,0.28634513,0.28634513,0.2112,   0/  3,4.01401949
4,9,1,0.27867084,0.27380714,0.27380714,0.3506,   0/  3,4.05827785
4,9,2,0.27073278,0.2665654,0.2665654,0.3042,   0/  3,4.05497694
4,9,3,0.26441335,0.26210734,0.26210734,0.3216,   0/  3,4.06009436
4,9,4,0.26268734,0.26362866,0.26210734,0.3134,   1/  3,4.05477643
4,9,5,0.26196777,0.26377551,0.26210734,0.2998,   2/  3,4.061023
4,9,6,0.261683,0.26171663,0.26171663,0.2871,   2/  3,4.06198859
4,9,7,0.26163525,0.26300683,0.26171663,0.3169,   3/  3,4.06747913
5,0,0,0.38023036,0.32499374,0.32499374,0.1135,   0/  3,3.94303584
5,0,1,0.32495938,0.3249264,0.3249264,0.1135,   0/  3,3.95823884
5,0,2,0.32495371,0.32495761,0.3249264,0.1135,   1/  3,3.96090984
5,0,3,0.32495529,0.32491179,0.32491179,0.1135,   1/  3,3.95156026
5,0,4,0.3249548,0.32491038,0.32491038,0.1135,   1/  3,3.96182418
5,0,5,0.32495345,0.32494952,0.32491038,0.1135,   2/  3,3.954633
5,0,6,0.32495929,0.32491186,0.32491038,0.1135,   3/  3,3.95474648
5,1,0,0.27747347,0.23153035,0.23153035,0.3946,   0/  3,4.02695465
5,1,1,0.21602131,0.193114,0.193114,0.5198,   0/  3,4.05750608
5,1,2,0.17680079,0.16480612,0.16480612,0.6008,   0/  3,4.04073644
5,1,3,0.15879072,0.15315675,0.15315675,0.6194,   0/  3,4.03370857
5,1,4,0.15071723,0.15582098,0.15315675,0.6277,   1/  3,4.03598905
5,1,5,0.1479299,0.14583751,0.14583751,0.6572,   1/  3,4.03122783
5,1,6,0.14688538,0.1489912,0.14583751,0.6396,   2/  3,4.03173041
5,1,7,0.14607811,0.14331429,0.14331429,0.6593,   2/  3,4.03690171
5,1,8,0.14607426,0.14775548,0.14331429,0.6425,   3/  3,4.06127834
5,2,0,0.34047264,0.32501962,0.32501962,0.1135,   0/  3,3.94551778
5,2,1,0.32503745,0.32497671,0.32497671,0.1135,   0/  3,3.97913861
5,2,2,0.32502732,0.32498688,0.32497671,0.1135,   1/  3,3.97729635
5,2,3,0.32503122,0.32498105,0.32497671,0.1135,   2/  3,3.97198582
5,2,4,0.32504136,0.3249823,0.32497671,0.1135,   3/  3,3.97247887
5,3,0,0.26135186,0.2448614,0.2448614,0.4349,   0/  3,4.0081172
5,3,1,0.21687393,0.1991176,0.1991176,0.6149,   0/  3,4.05160379
5,3,2,0.18882466,0.17105105,0.17105105,0.6274,   0/  3,4.05464125
5,3,3,0.16084337,0.15449503,0.15449503,0.6756,   0/  3,4.0606904
5,3,4,0.1492983,0.14691348,0.14691348,0.7098,   0/  3,4.05522513
5,3,5,0.14570175,0.14545159,0.14545159,0.7246,   0/  3,4.05959988
5,3,6,0.14312688,0.14219539,0.14219539,0.7453,   0/  3,4.05727887
5,3,7,0.13887887,0.13503248,0.13503248,0.7413,   0/  3,4.05743265
5,3,8,0.13437821,0.13551785,0.13503248,0.7296,   1/  3,4.0810113
5,3,9,0.1299799,0.12993322,0.12993322,0.7473,   1/  3,4.16383934
5,3,10,0.12848373,0.12847582,0.12847582,0.7474,   1/  3,4.22850561
5,3,11,0.12735145,0.12688772,0.12688772,0.76,   1/  3,4.26761413
5,3,12,0.12662023,0.13240506,0.12688772,0.7465,   2/  3,4.39155173
5,3,13,0.12608012,0.1247965,0.1247965,0.7629,   2/  3,4.63280511
5,3,14,0.12559107,0.12460182,0.12460182,0.7592,   2/  3,4.63251758
5,3,15,0.12489347,0.12907068,0.12460182,0.7578,   3/  3,4.63971114
5,4,0,0.28853186,0.25913584,0.25913584,0.2783,   0/  3,4.04347396
5,4,1,0.26136167,0.25640763,0.25640763,0.3014,   0/  3,4.0807426
5,4,2,0.25895757,0.25466112,0.25466112,0.306,   0/  3,4.08647752
5,4,3,0.25761587,0.25748074,0.25466112,0.3131,   1/  3,4.08253121
5,4,4,0.25579471,0.25329415,0.25329415,0.3162,   1/  3,4.07556891
5,4,5,0.25429152,0.25306257,0.25306257,0.3191,   1/  3,4.0795176
5,4,6,0.25300187,0.2524775,0.2524775,0.32,   1/  3,4.08566809
5,4,7,0.25209524,0.25144779,0.25144779,0.3219,   1/  3,4.07773256
5,4,8,0.25181156,0.25155397,0.25144779,0.316,   2/  3,4.0986371
5,4,9,0.25137031,0.24903196,0.24903196,0.3236,   2/  3,4.17405128
5,4,10,0.25115238,0.25045128,0.24903196,0.3293,   3/  3,4.27393675
5,5,0,0.22599987,0.15100259,0.15100259,0.7057,   0/  3,4.00247359
5,5,1,0.13659976,0.12472353,0.12472353,0.7459,   0/  3,4.04760098
5,5,2,0.12509116,0.12071239,0.12071239,0.7478,   0/  3,4.04390621
5,5,3,0.12160292,0.11880269,0.11880269,0.7548,   0/  3,4.0404985
5,5,4,0.1203756,0.11544299,0.11544299,0.7716,   0/  3,4.03693867
5,5,5,0.12008211,0.11696911,0.11544299,0.7589,   1/  3,4.04805875
5,5,6,0.11909265,0.12103599,0.11544299,0.7544,   2/  3,4.04007149
5,5,7,0.11841753,0.11931945,0.11544299,0.7547,   3/  3,4.05238199
5,6,0,0.15545416,0.09640862,0.09640862,0.8346,   0/  3,3.96727228
5,6,1,0.09376237,0.08740143,0.08740143,0.8568,   0/  3,3.99943829
5,6,2,0.0871753,0.0804856,0.0804856,0.8696,   0/  3,4.01194167
5,6,3,0.08243462,0.07817097,0.07817097,0.872,   0/  3,4.00616717
5,6,4,0.08083703,0.07865609,0.07817097,0.8687,   1/  3,4.00480795
5,6,5,0.07995822,0.08892231,0.07817097,0.8667,   2/  3,4.00289226
5,6,6,0.07794907,0.07661314,0.07661314,0.8743,   2/  3,4.00567842
5,6,7,0.07632959,0.07681333,0.07661314,0.8736,   3/  3,4.01415539
5,7,0,0.26312666,0.21165408,0.21165408,0.5273,   0/  3,4.01703596
5,7,1,0.19569953,0.18055775,0.18055775,0.6645,   0/  3,4.04230237
5,7,2,0.17699747,0.17027061,0.17027061,0.6835,   0/  3,4.04672861
5,7,3,0.16687098,0.16682359,0.16682359,0.6784,   0/  3,4.04149556
5,7,4,0.15971481,0.15707299,0.15707299,0.7025,   0/  3,4.0494349
5,7,5,0.15601147,0.15260254,0.15260254,0.7059,   0/  3,4.04293203
5,7,6,0.15209976,0.15226956,0.15226956,0.7195,   0/  3,4.04443765
5,7,7,0.1494216,0.14548455,0.14548455,0.7359,   0/  3,4.0508306
5,7,8,0.14651739,0.14908323,0.14548455,0.7243,   1/  3,4.07032776
5,7,9,0.1445449,0.14241239,0.14241239,0.7418,   1/  3,4.14611411
5,7,10,0.142124,0.13877329,0.13877329,0.7343,   1/  3,4.20846725
5,7,11,0.14070471,0.14291464,0.13877329,0.7365,   2/  3,4.24212456
5,7,12,0.140044,0.14065891,0.13877329,0.7356,   3/  3,4.36701512
5,8,0,0.29964584,0.22308839,0.22308839,0.3788,   0/  3,4.04769349
5,8,1,0.21670086,0.21483846,0.21483846,0.42,   0/  3,4.08641362
5,8,2,0.1928521,0.17675762,0.17675762,0.5823,   0/  3,4.06836295
5,8,3,0.1739834,0.16994654,0.16994654,0.5822,   0/  3,4.07461572
5,8,4,0.17178607,0.17264311,0.16994654,0.5874,   1/  3,4.07030487
5,8,5,0.16858746,0.16192544,0.16192544,0.6369,   1/  3,4.07358122
5,8,6,0.16475375,0.16445177,0.16192544,0.6222,   2/  3,4.07476187
5,8,7,0.1634481,0.16165358,0.16165358,0.6324,   2/  3,4.07955194
5,8,8,0.16180688,0.16032203,0.16032203,0.641,   2/  3,4.0989244
5,8,9,0.16266573,0.16487087,0.16032203,0.6403,   3/  3,4.17296791
5,9,0,0.38957699,0.32507816,0.32507816,0.1135,   0/  3,3.93239975
5,9,1,0.3249701,0.32493223,0.32493223,0.1135,   0/  3,3.95728612
5,9,2,0.32495113,0.32491989,0.32491989,0.1135,   0/  3,3.95326781
5,9,3,0.32495494,0.32492099,0.32491989,0.1135,   1/  3,3.95616865
5,9,4,0.3249575,0.32492543,0.32491989,0.1135,   2/  3,3.95489955
5,9,5,0.32496014,0.32491223,0.32491223,0.1135,   2/  3,3.95961618
5,9,6,0.32495408,0.3249219,0.32491223,0.1135,   3/  3,3.96325636
6,0,0,0.30434623,0.24098676,0.24098676,0.3131,   0/  3,4.04628229
6,0,1,0.23691219,0.2302715,0.2302715,0.3695,   0/  3,4.06875706
6,0,2,0.22543095,0.19963268,0.19963268,0.5297,   0/  3,4.06342649
6,0,3,0.18970289,0.18167463,0.18167463,0.5857,   0/  3,4.06230569
6,0,4,0.18312493,0.17780782,0.17780782,0.6062,   0/  3,4.05474806
6,0,5,0.17942372,0.17637007,0.17637007,0.6177,   0/  3,4.05999517
6,0,6,0.17599999,0.17573315,0.17573315,0.6387,   0/  3,4.05562711
6,0,7,0.17240305,0.17108055,0.17108055,0.655,   0/  3,4.06254554
6,0,8,0.16995558,0.16728828,0.16728828,0.6598,   0/  3,4.06851029
6,0,9,0.16781291,0.16546633,0.16546633,0.6636,   0/  3,4.13662195
6,0,10,0.16853835,0.16959744,0.16546633,0.6522,   1/  3,4.22583103
6,0,11,0.16618513,0.16444707,0.16444707,0.667,   1/  3,4.25620556
6,0,12,0.16526667,0.16443992,0.16443992,0.6659,   1/  3,4.35072613
6,0,13,0.16470496,0.16508524,0.16443992,0.6694,   2/  3,4.60009265
6,0,14,0.164784,0.16366211,0.16366211,0.6764,   2/  3,4.64679503
6,0,15,0.16404753,0.1669465,0.16366211,0.6634,   3/  3,4.6450808
6,1,0,0.1858329,0.13808912,0.13808912,0.6766,   0/  3,3.98958635
6,1,1,0.12592729,0.12117741,0.12117741,0.7376,   0/  3,4.01418114
6,1,2,0.11906331,0.11641701,0.11641701,0.752,   0/  3,4.02845621
6,1,3,0.11653684,0.11466048,0.11466048,0.7479,   0/  3,4.02716422
6,1,4,0.11463719,0.11431992,0.11431992,0.7572,   0/  3,4.02948189
6,1,5,0.11335497,0.11349886,0.11349886,0.7573,   0/  3,4.02948666
6,1,6,0.11244565,0.11136098,0.11136098,0.7582,   0/  3,4.02814031
6,1,7,0.11141232,0.11293911,0.11136098,0.7616,   1/  3,4.02587128
6,1,8,0.11042386,0.11273821,0.11136098,0.7631,   2/  3,4.03893089
6,1,9,0.10995976,0.11007557,0.11007557,0.7896,   2/  3,4.08665848
6,1,10,0.10721111,0.10562432,0.10562432,0.801,   2/  3,4.14504266
6,1,11,0.10475336,0.10556503,0.10556503,0.7961,   2/  3,4.17514706
6,1,12,0.09718157,0.09704029,0.09704029,0.8311,   2/  3,4.25415492
6,1,13,0.0918312,0.09213331,0.09213331,0.8322,   2/  3,4.41737175
6,1,14,0.08985365,0.09502013,0.09213331,0.8243,   3/  3,4.45328736
6,2,0,0.31060848,0.2515156,0.2515156,0.3105,   0/  3,3.89882207
6,2,1,0.23792421,0.23342522,0.23342522,0.3187,   0/  3,3.92484856
6,2,2,0.23026999,0.22850428,0.22850428,0.3646,   0/  3,3.93172908
6,2,3,0.22866699,0.2314027,0.22850428,0.3698,   1/  3,3.93475151
6,2,4,0.2276932,0.22844666,0.22844666,0.3807,   1/  3,3.92715859
6,2,5,0.2270774,0.22794994,0.22794994,0.3704,   1/  3,3.92880464
6,2,6,0.22352599,0.22282378,0.22282378,0.3767,   1/  3,3.92787123
6,2,7,0.22161046,0.22248922,0.22248922,0.3846,   1/  3,3.9332087
6,2,8,0.22059421,0.220337,0.220337,0.4075,   1/  3,3.93031406
6,2,9,0.21926387,0.22243149,0.220337,0.403,   2/  3,3.96547627
6,2,10,0.21871644,0.22046072,0.220337,0.4042,   3/  3,4.01970959
6,3,0,0.23961781,0.18616386,0.18616386,0.5514,   0/  3,3.98885465
6,3,1,0.17086519,0.16140598,0.16140598,0.683,   0/  3,4.02492189
6,3,2,0.1515383,0.15169839,0.15169839,0.6877,   0/  3,4.02434611
6,3,3,0.14342091,0.13940722,0.13940722,0.7198,   0/  3,4.03125119
6,3,4,0.13570821,0.13729022,0.13729022,0.7317,   0/  3,4.02677083
6,3,5,0.12909149,0.13440893,0.13440893,0.7287,   0/  3,4.01771975
6,3,6,0.1241083,0.12662848,0.12662848,0.7533,   0/  3,4.02465057
6,3,7,0.11939136,0.11989626,0.11989626,0.7922,   0/  3,4.02379298
6,3,8,0.11301812,0.11149531,0.11149531,0.7987,   0/  3,4.01970243
6,3,9,0.10887553,0.11081831,0.11081831,0.8016,   0/  3,4.06318283
6,3,10,0.1066364,0.11124542,0.11081831,0.8054,   1/  3,4.08854485
6,3,11,0.10526553,0.10558735,0.10558735,0.8099,   1/  3,4.12040401
6,3,12,0.10417347,0.10622557,0.10558735,0.8138,   2/  3,4.19134307
6,3,13,0.10284447,0.10478259,0.10478259,0.8128,   2/  3,4.27419782
6,3,14,0.10246108,0.10609478,0.10478259,0.8138,   3/  3,4.30527687
6,4,0,0.25932156,0.18037851,0.18037851,0.5723,   0/  3,3.99628091
6,4,1,0.16697834,0.15404854,0.15404854,0.6413,   0/  3,4.00694799
6,4,2,0.14986649,0.14704345,0.14704345,0.6602,   0/  3,4.00784898
6,4,3,0.14336839,0.13363647,0.13363647,0.716,   0/  3,4.01427841
6,4,4,0.12367146,0.11942924,0.11942924,0.79,   0/  3,4.01095033
6,4,5,0.11101466,0.10854243,0.10854243,0.8144,   0/  3,4.01230025
6,4,6,0.10638752,0.11263045,0.10854243,0.8068,   1/  3,4.00810194
6,4,7,0.10362897,0.10023197,0.10023197,0.8267,   1/  3,4.01275277
6,4,8,0.10011205,0.10941545,0.10023197,0.8132,   2/  3,4.02473974
6,4,9,0.09958709,0.0996249,0.0996249,0.8308,   2/  3,4.07137728
6,4,10,0.0980239,0.09765822,0.09765822,0.8357,   2/  3,4.09698892
6,4,11,0.09495303,0.09320177,0.09320177,0.8443,   2/  3,4.12879968
6,4,12,0.09320308,0.0962566,0.09320177,0.8362,   3/  3,4.20415092
6,5,0,0.31454866,0.26999759,0.26999759,0.2637,   0/  3,4.07858467
6,5,1,0.26497803,0.26156144,0.26156144,0.3215,   0/  3,4.10537457
6,5,2,0.26016406,0.26006441,0.26006441,0.3352,   0/  3,4.11073756
6,5,3,0.25882186,0.25948014,0.25948014,0.3274,   0/  3,4.11273909
6,5,4,0.25692073,0.2556195,0.2556195,0.3253,   0/  3,4.10838842
6,5,5,0.25597174,0.26337122,0.2556195,0.3083,   1/  3,4.11229038
6,5,6,0.25398895,0.25486124,0.25486124,0.3405,   1/  3,4.11041665
6,5,7,0.25429772,0.25292763,0.25292763,0.3353,   1/  3,4.10853958
6,5,8,0.25293515,0.25484108,0.25292763,0.3228,   2/  3,4.11133289
6,5,9,0.25333424,0.25534107,0.25292763,0.3302,   3/  3,4.19508052
6,6,0,0.21974608,0.17001122,0.17001122,0.6422,   0/  3,3.99668646
6,6,1,0.15393951,0.13523918,0.13523918,0.7686,   0/  3,4.02830672
6,6,2,0.12543126,0.1191951,0.1191951,0.7943,   0/  3,4.02062464
6,6,3,0.11550375,0.10743885,0.10743885,0.81,   0/  3,4.03205967
6,6,4,0.10928344,0.10411918,0.10411918,0.812,   0/  3,4.0175705
6,6,5,0.10571156,0.10313756,0.10313756,0.8173,   0/  3,4.00930119
6,6,6,0.10200169,0.10218555,0.10218555,0.8218,   0/  3,4.01971292
6,6,7,0.09794519,0.09394599,0.09394599,0.8305,   0/  3,4.01387286
6,6,8,0.09421004,0.09422746,0.09394599,0.835,   1/  3,4.02374792
6,6,9,0.09103459,0.08825544,0.08825544,0.8493,   1/  3,4.06508327
6,6,10,0.08873161,0.09130813,0.08825544,0.8377,   2/  3,4.09300804
6,6,11,0.08779622,0.08638443,0.08638443,0.8462,   2/  3,4.10668302
6,6,12,0.08649225,0.08592636,0.08592636,0.8505,   2/  3,4.18583679
6,6,13,0.08555541,0.08492232,0.08492232,0.8534,   2/  3,4.27806211
6,6,14,0.08359202,0.08548064,0.08492232,0.8508,   3/  3,4.27235794
6,7,0,0.26748559,0.19763824,0.19763824,0.574,   0/  3,4.02063537
6,7,1,0.18210876,0.17366998,0.17366998,0.5807,   0/  3,4.04568434
6,7,2,0.1705378,0.16532779,0.16532779,0.6261,   0/  3,4.04959011
6,7,3,0.16387694,0.15761369,0.15761369,0.6708,   0/  3,4.05096984
6,7,4,0.15410629,0.15015434,0.15015434,0.6864,   0/  3,4.04649782
6,7,5,0.14656069,0.14791408,0.14791408,0.6993,   0/  3,4.05249357
6,7,6,0.14235705,0.13845586,0.13845586,0.7364,   0/  3,4.05492282
6,7,7,0.14084245,0.14019841,0.13845586,0.7264,   1/  3,4.05751061
6,7,8,0.13874259,0.14046106,0.13845586,0.7359,   2/  3,4.07586503
6,7,9,0.13658804,0.13626184,0.13626184,0.7469,   2/  3,4.13572073
6,7,10,0.13468223,0.13765749,0.13626184,0.7456,   3/  3,4.2238667
6,8,0,0.22089116,0.18513481,0.18513481,0.4999,   0/  3,4.00774431
6,8,1,0.15970618,0.12522982,0.12522982,0.7395,   0/  3,4.02563906
6,8,2,0.12012444,0.11323555,0.11323555,0.7666,   0/  3,4.02675438
6,8,3,0.11241659,0.10565537,0.10565537,0.8145,   0/  3,4.02456355
6,8,4,0.10787157,0.10253712,0.10253712,0.8225,   0/  3,4.01903653
6,8,5,0.10514488,0.10108053,0.10108053,0.8246,   0/  3,4.01943946
6,8,6,0.09941734,0.08774273,0.08774273,0.8545,   0/  3,4.01294136
6,8,7,0.08889457,0.08406456,0.08406456,0.8598,   0/  3,4.01874542
6,8,8,0.08529376,0.0828942,0.0828942,0.8656,   0/  3,4.0418632
6,8,9,0.0840628,0.08322497,0.0828942,0.864,   1/  3,4.08772779
6,8,10,0.08328308,0.07990188,0.07990188,0.8726,   1/  3,4.14550376
6,8,11,0.08265439,0.08212648,0.07990188,0.8652,   2/  3,4.16970253
6,8,12,0.08218903,0.08107733,0.07990188,0.8696,   3/  3,4.25204229
6,9,0,0.33031997,0.25796252,0.25796252,0.319,   0/  3,3.74485373
6,9,1,0.24349049,0.23799913,0.23799913,0.4054,   0/  3,3.76021934
6,9,2,0.23622856,0.23199734,0.23199734,0.3979,   0/  3,3.75376487
6,9,3,0.23097426,0.22865036,0.22865036,0.4293,   0/  3,3.76041913
6,9,4,0.22950354,0.2290662,0.22865036,0.4397,   1/  3,3.75556755
6,9,5,0.22822029,0.22816661,0.22816661,0.4405,   1/  3,3.7635541
6,9,6,0.22720942,0.22755633,0.22755633,0.4563,   1/  3,3.75371265
6,9,7,0.22750055,0.22743746,0.22743746,0.4253,   1/  3,3.76009297
6,9,8,0.22643272,0.22594316,0.22594316,0.4497,   1/  3,3.76245809
6,9,9,0.22603433,0.22689152,0.22594316,0.4474,   2/  3,3.76701379
6,9,10,0.22536457,0.23142171,0.22594316,0.4294,   3/  3,3.77568555
7,0,0,0.15801861,0.13223208,0.13223208,0.7637,   0/  3,3.99265003
7,0,1,0.12131957,0.11652624,0.11652624,0.7936,   0/  3,4.0295198
7,0,2,0.11706716,0.1141891,0.1141891,0.7964,   0/  3,4.02608347
7,0,3,0.11311912,0.10980656,0.10980656,0.8089,   0/  3,4.0276978
7,0,4,0.11046889,0.10686944,0.10686944,0.8076,   0/  3,4.02744865
7,0,5,0.10872098,0.10933101,0.10686944,0.8135,   1/  3,4.02434087
7,0,6,0.10755165,0.10677391,0.10677391,0.8145,   1/  3,4.02579165
7,0,7,0.10596203,0.10817192,0.10677391,0.8071,   2/  3,4.03083754
7,0,8,0.10564966,0.10640381,0.10640381,0.8104,   2/  3,4.0514164
7,0,9,0.10470904,0.10686953,0.10640381,0.8079,   3/  3,4.1199429
7,1,0,0.3465971,0.32500291,0.32500291,0.1135,   0/  3,3.78602624
7,1,1,0.32500097,0.32493765,0.32493765,0.1135,   0/  3,3.79144645
7,1,2,0.32500385,0.32496263,0.32493765,0.1135,   1/  3,3.79030466
7,1,3,0.32500165,0.32496714,0.32493765,0.1135,   2/  3,3.79646921
7,1,4,0.32499971,0.32498846,0.32493765,0.1135,   3/  3,3.80008578
7,2,0,0.35678195,0.23767751,0.23767751,0.3293,   0/  3,4.04848695
7,2,1,0.22813526,0.22427757,0.22427757,0.4153,   0/  3,4.05928326
7,2,2,0.21829985,0.21813044,0.21813044,0.4347,   0/  3,4.0659585
7,2,3,0.21302727,0.21318544,0.21318544,0.4672,   0/  3,4.06458616
7,2,4,0.21037325,0.21553613,0.21318544,0.4605,   1/  3,4.06838465
7,2,5,0.20831641,0.21591655,0.21318544,0.4547,   2/  3,4.06513906
7,2,6,0.20838364,0.21110381,0.21110381,0.4693,   2/  3,4.06523991
7,2,7,0.20675752,0.20979719,0.20979719,0.4838,   2/  3,4.06885815
7,2,8,0.20528862,0.21108763,0.20979719,0.4854,   3/  3,4.09160066
7,3,0,0.32161665,0.25540246,0.25540246,0.3366,   0/  3,3.99746442
7,3,1,0.23254126,0.20918233,0.20918233,0.5507,   0/  3,4.0605526
7,3,2,0.20019159,0.1878803,0.1878803,0.5878,   0/  3,4.07204127
7,3,3,0.17771048,0.17314198,0.17314198,0.647,   0/  3,4.06702352
7,3,4,0.16887267,0.1672331,0.1672331,0.6662,   0/  3,4.0595603
7,3,5,0.16290453,0.16387465,0.16387465,0.6692,   0/  3,4.06252599
7,3,6,0.15845234,0.16205713,0.16205713,0.6531,   0/  3,4.0635941
7,3,7,0.15330261,0.15049698,0.15049698,0.6964,   0/  3,4.06104159
7,3,8,0.14827629,0.14897005,0.14897005,0.6913,   0/  3,4.08750486
7,3,9,0.14512014,0.14908155,0.14897005,0.6831,   1/  3,4.16222239
7,3,10,0.14252458,0.14420174,0.14420174,0.6923,   1/  3,4.22586155
7,3,11,0.14055269,0.14419162,0.14419162,0.703,   1/  3,4.27727365
7,3,12,0.13868407,0.14186895,0.14186895,0.7062,   1/  3,4.40872645
7,3,13,0.137649,0.14130416,0.14130416,0.7077,   1/  3,4.62282825
7,3,14,0.1366611,0.13822699,0.13822699,0.7187,   1/  3,4.63639474
7,3,15,0.13582624,0.14220269,0.13822699,0.7013,   2/  3,4.63378334
7,3,16,0.13508085,0.14296036,0.13822699,0.7102,   3/  3,4.63955569
7,4,0,0.2295569,0.18351563,0.18351563,0.6239,   0/  3,4.00797939
7,4,1,0.17245306,0.16981578,0.16981578,0.696,   0/  3,4.03086019
7,4,2,0.15806494,0.15422861,0.15422861,0.7189,   0/  3,4.04459476
7,4,3,0.15325349,0.14979494,0.14979494,0.7234,   0/  3,4.04395819
7,4,4,0.14839655,0.14578479,0.14578479,0.7282,   0/  3,4.04291677
7,4,5,0.14556037,0.14470139,0.14470139,0.7283,   0/  3,4.04830813
7,4,6,0.14429279,0.14657973,0.14470139,0.7348,   1/  3,4.04171181
7,4,7,0.14326575,0.14381779,0.14381779,0.7345,   1/  3,4.05291224
7,4,8,0.14213131,0.1447606,0.14381779,0.7302,   2/  3,4.09138465
7,4,9,0.1417152,0.14561285,0.14381779,0.7292,   3/  3,4.15766764
7,5,0,0.33063275,0.27575097,0.27575097,0.2456,   0/  3,3.7736845
7,5,1,0.26756237,0.26125086,0.26125086,0.3256,   0/  3,3.78736162
7,5,2,0.26250901,0.26019716,0.26019716,0.3106,   0/  3,3.77966714
7,5,3,0.26110687,0.25925901,0.25925901,0.3235,   0/  3,3.80036545
7,5,4,0.26037178,0.25770808,0.25770808,0.3291,   0/  3,3.78824329
7,5,5,0.26001216,0.26359623,0.25770808,0.3304,   1/  3,3.7850039
7,5,6,0.25954583,0.25934643,0.25770808,0.3203,   2/  3,3.78943849
7,5,7,0.25915525,0.25927705,0.25770808,0.3258,   3/  3,3.7878952
7,6,0,0.31139876,0.23177069,0.23177069,0.3731,   0/  3,4.0325582
7,6,1,0.22487893,0.2143222,0.2143222,0.4132,   0/  3,4.04886723
7,6,2,0.212867,0.21081566,0.21081566,0.4192,   0/  3,4.03808117
7,6,3,0.21111361,0.20999183,0.20999183,0.4481,   0/  3,4.03988338
7,6,4,0.20914252,0.20551891,0.20551891,0.5044,   0/  3,4.04289746
7,6,5,0.20130431,0.21943342,0.20551891,0.4771,   1/  3,4.04611731
7,6,6,0.19785839,0.19206687,0.19206687,0.5308,   1/  3,4.04703045
7,6,7,0.19374275,0.19622648,0.19206687,0.5117,   2/  3,4.04700446
7,6,8,0.1919752,0.18675427,0.18675427,0.5345,   2/  3,4.05176616
7,6,9,0.18811689,0.18305302,0.18305302,0.5409,   2/  3,4.09979916
7,6,10,0.18778292,0.1888077,0.18305302,0.5262,   3/  3,4.17891479
7,7,0,0.23153834,0.1777602,0.1777602,0.6552,   0/  3,3.96589041
7,7,1,0.16527328,0.15648841,0.15648841,0.7302,   0/  3,3.99999094
7,7,2,0.14932991,0.13404981,0.13404981,0.7723,   0/  3,4.00567079
7,7,3,0.13437138,0.12702379,0.12702379,0.7727,   0/  3,4.00972414
7,7,4,0.12716873,0.12644207,0.12644207,0.7674,   0/  3,4.00566316
7,7,5,0.12423977,0.11956274,0.11956274,0.78,   0/  3,4.01195741
7,7,6,0.12233461,0.12080029,0.11956274,0.7742,   1/  3,3.99792528
7,7,7,0.12077653,0.11911067,0.11911067,0.7868,   1/  3,4.00923824
7,7,8,0.11893225,0.11894318,0.11894318,0.7845,   1/  3,4.05237627
7,7,9,0.11788137,0.11390285,0.11390285,0.7942,   1/  3,4.09899879
7,7,10,0.11689535,0.11951791,0.11390285,0.7815,   2/  3,4.13499045
7,7,11,0.11539392,0.11387475,0.11387475,0.7903,   2/  3,4.19000459
7,7,12,0.11521385,0.1178493,0.11387475,0.7843,   3/  3,4.2746675
7,8,0,0.37193982,0.32498051,0.32498051,0.1135,   0/  3,3.77846265
7,8,1,0.32495685,0.32497368,0.32497368,0.1135,   0/  3,3.79036975
7,8,2,0.32495309,0.32491587,0.32491587,0.1135,   0/  3,3.8033855
7,8,3,0.32495944,0.3249197,0.32491587,0.1135,   1/  3,3.79688072
7,8,4,0.32495362,0.32491256,0.32491256,0.1135,   1/  3,3.79011011
7,8,5,0.32494734,0.32496019,0.32491256,0.1135,   2/  3,3.79824281
7,8,6,0.32495832,0.32492867,0.32491256,0.1135,   3/  3,3.7997067
7,9,0,0.29157023,0.24252678,0.24252678,0.3541,   0/  3,4.04741144
7,9,1,0.24186473,0.23582773,0.23582773,0.3742,   0/  3,4.07646155
7,9,2,0.23679523,0.22622547,0.22622547,0.3556,   0/  3,4.07934308
7,9,3,0.21978974,0.22962136,0.22622547,0.3595,   1/  3,4.06663275
7,9,4,0.2080446,0.18688537,0.18688537,0.5267,   1/  3,4.05922222
7,9,5,0.18268355,0.17708327,0.17708327,0.554,   1/  3,4.0586834
7,9,6,0.17841481,0.17362041,0.17362041,0.5796,   1/  3,4.05828452
7,9,7,0.17431654,0.16915759,0.16915759,0.6011,   1/  3,4.0489645
7,9,8,0.1720184,0.16730665,0.16730665,0.6112,   1/  3,4.07765937
7,9,9,0.17032694,0.16394909,0.16394909,0.6283,   1/  3,4.13067746
7,9,10,0.16718114,0.16087958,0.16087958,0.6498,   1/  3,4.21831632
7,9,11,0.16500324,0.159201,0.159201,0.657,   1/  3,4.25424385
7,9,12,0.16433179,0.16152071,0.159201,0.6452,   2/  3,4.35602117
7,9,13,0.1627899,0.16172841,0.159201,0.6484,   3/  3,4.55723381
8,0,0,0.32089949,0.26056926,0.26056926,0.3053,   0/  3,4.04724121
8,0,1,0.24184121,0.23212341,0.23212341,0.366,   0/  3,4.08883595
8,0,2,0.23009213,0.22469995,0.22469995,0.3799,   0/  3,4.09836864
8,0,3,0.22380397,0.22341978,0.22341978,0.3786,   0/  3,4.08529878
8,0,4,0.22020026,0.21929743,0.21929743,0.3938,   0/  3,4.08440113
8,0,5,0.21865346,0.21718057,0.21718057,0.3895,   0/  3,4.08979011
8,0,6,0.21749008,0.21816064,0.21718057,0.3938,   1/  3,4.09621119
8,0,7,0.21699043,0.21701638,0.21701638,0.4022,   1/  3,4.10411072
8,0,8,0.21677761,0.21777846,0.21701638,0.3954,   2/  3,4.13577628
8,0,9,0.21701204,0.21828018,0.21701638,0.4005,   3/  3,4.22958136
8,1,0,0.28613413,0.19491324,0.19491324,0.4871,   0/  3,4.01121664
8,1,1,0.17597206,0.15668664,0.15668664,0.6784,   0/  3,4.04851055
8,1,2,0.14947004,0.14530224,0.14530224,0.7034,   0/  3,4.04512763
8,1,3,0.13767196,0.13573692,0.13573692,0.7679,   0/  3,4.03538251
8,1,4,0.12559186,0.12532315,0.12532315,0.8033,   0/  3,4.04188108
8,1,5,0.1167377,0.11971945,0.11971945,0.8131,   0/  3,4.04054141
8,1,6,0.1132708,0.11969882,0.11969882,0.8063,   0/  3,4.04142642
8,1,7,0.11182456,0.11713769,0.11713769,0.8276,   0/  3,4.0420208
8,1,8,0.11013766,0.11610735,0.11610735,0.8286,   0/  3,4.06307554
8,1,9,0.10951805,0.11381817,0.11381817,0.8225,   0/  3,4.10968876
8,1,10,0.10816648,0.11444696,0.11381817,0.8297,   1/  3,4.15915036
8,1,11,0.10739303,0.11879537,0.11381817,0.8271,   2/  3,4.18718529
8,1,12,0.10718991,0.11296868,0.11296868,0.8333,   2/  3,4.26172805
8,1,13,0.10547697,0.11376921,0.11296868,0.8304,   3/  3,4.40751147
8,2,0,0.21462858,0.16723751,0.16723751,0.6737,   0/  3,3.93617129
8,2,1,0.14558462,0.12624786,0.12624786,0.7801,   0/  3,3.9774332
8,2,2,0.11075991,0.10364096,0.10364096,0.8475,   0/  3,3.98806953
8,2,3,0.09532428,0.09332581,0.09332581,0.862,   0/  3,3.98648024
8,2,4,0.0876277,0.08931025,0.08931025,0.8656,   0/  3,3.99037552
8,2,5,0.08440076,0.08334144,0.08334144,0.8777,   0/  3,4.00378656
8,2,6,0.0819839,0.08517928,0.08334144,0.8718,   1/  3,4.00260067
8,2,7,0.0796433,0.08134761,0.08134761,0.8774,   1/  3,3.99517775
8,2,8,0.07704559,0.08211847,0.08134761,0.8763,   2/  3,4.01128054
8,2,9,0.07449315,0.07819069,0.07819069,0.8788,   2/  3,4.04016662
8,2,10,0.0714749,0.07351695,0.07351695,0.885,   2/  3,4.0605135
8,2,11,0.06936128,0.07463828,0.07351695,0.8793,   3/  3,4.08065081
8,3,0,0.24257295,0.17255617,0.17255617,0.6216,   0/  3,4.00359154
8,3,1,0.15830508,0.15137872,0.15137872,0.6941,   0/  3,4.0426743
8,3,2,0.14556755,0.1397424,0.1397424,0.7121,   0/  3,4.04531384
8,3,3,0.13312627,0.12933213,0.12933213,0.7602,   0/  3,4.04318786
8,3,4,0.1239732,0.12108247,0.12108247,0.7717,   0/  3,4.04522562
8,3,5,0.11951367,0.11789345,0.11789345,0.7715,   0/  3,4.03671741
8,3,6,0.11689093,0.11607344,0.11607344,0.7812,   0/  3,4.03993058
8,3,7,0.11496696,0.11735824,0.11607344,0.7774,   1/  3,4.0474
8,3,8,0.11413133,0.11614662,0.11607344,0.7753,   2/  3,4.06665683
8,3,9,0.11219564,0.11515409,0.11515409,0.7798,   2/  3,4.12072802
8,3,10,0.11113128,0.11555684,0.11515409,0.776,   3/  3,4.18421721
8,4,0,0.24515806,0.19764781,0.19764781,0.5066,   0/  3,4.02153563
8,4,1,0.18249941,0.16607494,0.16607494,0.6837,   0/  3,4.03895831
8,4,2,0.14984826,0.13728183,0.13728183,0.7265,   0/  3,4.04556608
8,4,3,0.13734385,0.13328061,0.13328061,0.7438,   0/  3,4.04909873
8,4,4,0.13303254,0.1378689,0.13328061,0.7304,   1/  3,4.05360985
8,4,5,0.13077639,0.13318876,0.13318876,0.7217,   1/  3,4.04875255
8,4,6,0.12955574,0.12970691,0.12970691,0.7369,   1/  3,4.05052733
8,4,7,0.12871038,0.12709525,0.12709525,0.7405,   1/  3,4.05732322
8,4,8,0.12764505,0.12822938,0.12709525,0.7415,   2/  3,4.07155442
8,4,9,0.12741235,0.13095779,0.12709525,0.7313,   3/  3,4.13163447
8,5,0,0.18294973,0.12829575,0.12829575,0.7651,   0/  3,4.00291991
8,5,1,0.12150866,0.10613263,0.10613263,0.807,   0/  3,4.01287293
8,5,2,0.10346496,0.09888268,0.09888268,0.8266,   0/  3,4.02123475
8,5,3,0.09603277,0.09077235,0.09077235,0.846,   0/  3,4.01926064
8,5,4,0.09313671,0.08982513,0.08982513,0.8432,   0/  3,4.0091095
8,5,5,0.09089236,0.08780944,0.08780944,0.8546,   0/  3,4.02448964
8,5,6,0.08962196,0.09020288,0.08780944,0.8443,   1/  3,4.01816368
8,5,7,0.08809592,0.08641415,0.08641415,0.8554,   1/  3,4.02239561
8,5,8,0.08735687,0.0854087,0.0854087,0.8585,   1/  3,4.02805114
8,5,9,0.08630344,0.08727571,0.0854087,0.8565,   2/  3,4.08413339
8,5,10,0.08581253,0.09838338,0.0854087,0.8274,   3/  3,4.13411999
8,6,0,0.22004657,0.15895499,0.15895499,0.648,   0/  3,4.00067806
8,6,1,0.14040986,0.12480397,0.12480397,0.7524,   0/  3,4.03924608
8,6,2,0.12196457,0.11826788,0.11826788,0.781,   0/  3,4.041013
8,6,3,0.10807088,0.0990243,0.0990243,0.8323,   0/  3,4.04001141
8,6,4,0.1022151,0.1053825,0.0990243,0.807,   1/  3,4.04164696
8,6,5,0.09981434,0.09810687,0.09810687,0.8367,   1/  3,4.0424211
8,6,6,0.09773521,0.09976921,0.09810687,0.8355,   2/  3,4.03864646
8,6,7,0.0964025,0.09681237,0.09681237,0.8395,   2/  3,4.0456996
8,6,8,0.09537661,0.09570801,0.09570801,0.8383,   2/  3,4.06674981
8,6,9,0.09488037,0.09847672,0.09570801,0.8341,   3/  3,4.11324835
8,7,0,0.22061816,0.18034647,0.18034647,0.5692,   0/  3,4.02755761
8,7,1,0.15861682,0.14230545,0.14230545,0.735,   0/  3,4.05475307
8,7,2,0.1353366,0.13344032,0.13344032,0.7471,   0/  3,4.05166173
8,7,3,0.12931456,0.1238129,0.1238129,0.7762,   0/  3,4.05018234
8,7,4,0.1270328,0.12263886,0.12263886,0.7738,   0/  3,4.05081224
8,7,5,0.12565788,0.12739299,0.12263886,0.7666,   1/  3,4.06023049
8,7,6,0.12438601,0.11964296,0.11964296,0.7819,   1/  3,4.05487657
8,7,7,0.12352426,0.12262629,0.11964296,0.7785,   2/  3,4.05757236
8,7,8,0.12160905,0.1237999,0.11964296,0.7724,   3/  3,4.06837511
8,8,0,0.34266994,0.3250141,0.3250141,0.1135,   0/  3,4.06923914
8,8,1,0.32505805,0.32505673,0.3250141,0.1135,   1/  3,4.09922457
8,8,2,0.32505092,0.32499627,0.32499627,0.1135,   1/  3,4.10576057
8,8,3,0.32505461,0.32506825,0.32499627,0.1135,   2/  3,4.09979892
8,8,4,0.32502688,0.32508675,0.32499627,0.1135,   3/  3,4.10200477
8,9,0,0.19831232,0.15435511,0.15435511,0.7003,   0/  3,4.00289869
8,9,1,0.15074863,0.14265435,0.14265435,0.7253,   0/  3,4.04439712
8,9,2,0.13696442,0.12969548,0.12969548,0.7432,   0/  3,4.03439403
8,9,3,0.13246581,0.13008951,0.12969548,0.7502,   1/  3,4.05113792
8,9,4,0.1293093,0.12872575,0.12872575,0.7588,   1/  3,4.04531336
8,9,5,0.12692975,0.12738302,0.12738302,0.7529,   1/  3,4.04077244
8,9,6,0.12554173,0.12990734,0.12738302,0.7599,   2/  3,4.04460955
8,9,7,0.12405395,0.1239243,0.1239243,0.7707,   2/  3,4.04139328
8,9,8,0.12299109,0.121698,0.121698,0.7695,   2/  3,4.0581696
8,9,9,0.12163264,0.120624,0.120624,0.778,   2/  3,4.11615968
8,9,10,0.11937265,0.11759459,0.11759459,0.7871,   2/  3,4.2002964
8,9,11,0.1162048,0.11605679,0.11605679,0.7949,   2/  3,4.22144771
8,9,12,0.11188032,0.11013262,0.11013262,0.8037,   2/  3,4.31436586
8,9,13,0.10936386,0.10750761,0.10750761,0.809,   2/  3,4.53539658
8,9,14,0.10798099,0.11049032,0.10750761,0.7982,   3/  3,4.56593561
9,0,0,0.3077865,0.22679618,0.22679618,0.4707,   0/  3,4.03289223
9,0,1,0.2151371,0.20970522,0.20970522,0.5051,   0/  3,4.0721159
9,0,2,0.20160456,0.19077054,0.19077054,0.5512,   0/  3,4.0696013
9,0,3,0.18811126,0.18474551,0.18474551,0.5584,   0/  3,4.07638168
9,0,4,0.18536469,0.18381905,0.18381905,0.5692,   0/  3,4.07401276
9,0,5,0.18381739,0.18481185,0.18381905,0.5707,   1/  3,4.0700202
9,0,6,0.18290899,0.18886549,0.18381905,0.541,   2/  3,4.07083249
9,0,7,0.18252104,0.18669794,0.18381905,0.564,   3/  3,4.07326317
9,1,0,0.18473334,0.13712563,0.13712563,0.6959,   0/  3,3.98051143
9,1,1,0.12556654,0.11050211,0.11050211,0.764,   0/  3,4.00070357
9,1,2,0.10529791,0.09457597,0.09457597,0.8119,   0/  3,3.99478889
9,1,3,0.09409128,0.09179232,0.09179232,0.8258,   0/  3,3.99515176
9,1,4,0.08905666,0.08614195,0.08614195,0.8503,   0/  3,3.99966693
9,1,5,0.08491075,0.08751401,0.08614195,0.8488,   1/  3,3.99923801
9,1,6,0.08170489,0.07992465,0.07992465,0.8645,   1/  3,3.99510098
9,1,7,0.07954834,0.07980209,0.07980209,0.8667,   1/  3,3.9964292
9,1,8,0.07779887,0.08473034,0.07980209,0.8596,   2/  3,4.01709056
9,1,9,0.07626333,0.07814208,0.07814208,0.8751,   2/  3,4.04556584
9,1,10,0.0755813,0.07638174,0.07638174,0.8768,   2/  3,4.09015369
9,1,11,0.07452885,0.07539178,0.07539178,0.8802,   2/  3,4.11589813
9,1,12,0.07328152,0.07617789,0.07539178,0.8812,   3/  3,4.18688011
9,2,0,0.18373663,0.13660715,0.13660715,0.76,   0/  3,3.99408197
9,2,1,0.13604395,0.12065722,0.12065722,0.7917,   0/  3,4.0222919
9,2,2,0.12301929,0.11655707,0.11655707,0.7851,   0/  3,4.02576065
9,2,3,0.11798709,0.11314758,0.11314758,0.8,   0/  3,4.02165318
9,2,4,0.11475087,0.11381726,0.11314758,0.7884,   1/  3,4.0267179
9,2,5,0.11318854,0.10917728,0.10917728,0.8092,   1/  3,4.03290772
9,2,6,0.11124654,0.11522549,0.10917728,0.7918,   2/  3,4.0276835
9,2,7,0.10949043,0.10610746,0.10610746,0.8094,   2/  3,4.03113103
9,2,8,0.10843443,0.10710861,0.10610746,0.8088,   3/  3,4.04673314
9,3,0,0.23076459,0.17537531,0.17537531,0.6268,   0/  3,4.03049231
9,3,1,0.16326387,0.1488646,0.1488646,0.6942,   0/  3,4.05951023
9,3,2,0.14680549,0.14002366,0.14002366,0.7017,   0/  3,4.06434488
9,3,3,0.14247006,0.14220629,0.14002366,0.7088,   1/  3,4.06754112
9,3,4,0.13958295,0.13585025,0.13585025,0.7104,   1/  3,4.06480122
9,3,5,0.13886403,0.136976,0.13585025,0.7247,   2/  3,4.06362152
9,3,6,0.13749648,0.13958803,0.13585025,0.7228,   3/  3,4.0637753
9,4,0,0.22044118,0.17341048,0.17341048,0.5872,   0/  3,4.01369858
9,4,1,0.16037535,0.14814226,0.14814226,0.7127,   0/  3,4.03665876
9,4,2,0.14197772,0.132908,0.132908,0.7473,   0/  3,4.04291558
9,4,3,0.13559525,0.13169932,0.13169932,0.7492,   0/  3,4.0383954
9,4,4,0.13102472,0.12423451,0.12423451,0.7785,   0/  3,4.03759933
9,4,5,0.12505207,0.12104114,0.12104114,0.7808,   0/  3,4.03701019
9,4,6,0.12258493,0.12140542,0.12104114,0.7699,   1/  3,4.0344367
9,4,7,0.12144639,0.11918102,0.11918102,0.7852,   1/  3,4.03285313
9,4,8,0.12016082,0.11748171,0.11748171,0.7966,   1/  3,4.04852867
9,4,9,0.11881177,0.12055231,0.11748171,0.7819,   2/  3,4.09676576
9,4,10,0.11725547,0.11599982,0.11599982,0.7962,   2/  3,4.17190242
9,4,11,0.11705245,0.11737829,0.11599982,0.7982,   3/  3,4.19334221
9,5,0,0.21486491,0.15227073,0.15227073,0.7102,   0/  3,4.00630307
9,5,1,0.14765107,0.14018284,0.14018284,0.7613,   0/  3,4.05309677
9,5,2,0.13716429,0.13226036,0.13226036,0.7559,   0/  3,4.05969858
9,5,3,0.12913912,0.12603817,0.12603817,0.7727,   0/  3,4.0596652
9,5,4,0.12714383,0.12835114,0.12603817,0.7669,   1/  3,4.05589175
9,5,5,0.12545527,0.12290835,0.12290835,0.7769,   1/  3,4.06453657
9,5,6,0.12446241,0.12107822,0.12107822,0.7799,   1/  3,4.05723834
9,5,7,0.12337711,0.12476692,0.12107822,0.7691,   2/  3,4.05809879
9,5,8,0.12322366,0.12222708,0.12107822,0.7811,   3/  3,4.08279657
9,6,0,0.25452553,0.18467298,0.18467298,0.5661,   0/  3,4.01871657
9,6,1,0.17000971,0.15127483,0.15127483,0.6613,   0/  3,4.05101919
9,6,2,0.14828214,0.14335107,0.14335107,0.6899,   0/  3,4.04221344
9,6,3,0.14330994,0.14381892,0.14335107,0.6847,   1/  3,4.03949571
9,6,4,0.14092539,0.1383432,0.1383432,0.6977,   1/  3,4.04182458
9,6,5,0.13958498,0.14067518,0.1383432,0.691,   2/  3,4.04038167
9,6,6,0.13890473,0.13973339,0.1383432,0.6934,   3/  3,4.03825593
9,7,0,0.28978136,0.24650396,0.24650396,0.3442,   0/  3,4.06615043
9,7,1,0.24160299,0.23924798,0.23924798,0.3799,   0/  3,4.09753561
9,7,2,0.23695388,0.23834306,0.23834306,0.3656,   0/  3,4.10382485
9,7,3,0.23417848,0.23044418,0.23044418,0.3771,   0/  3,4.09852552
9,7,4,0.23221961,0.23025105,0.23025105,0.3935,   0/  3,4.09330797
9,7,5,0.22962361,0.2270883,0.2270883,0.4126,   0/  3,4.09861779
9,7,6,0.22849042,0.22635922,0.22635922,0.4082,   0/  3,4.09829617
9,7,7,0.22730415,0.22329101,0.22329101,0.4205,   0/  3,4.09698415
9,7,8,0.22753715,0.22860864,0.22329101,0.411,   1/  3,4.12046957
9,7,9,0.22629744,0.22413247,0.22329101,0.4255,   2/  3,4.19680238
9,7,10,0.2253341,0.22380298,0.22329101,0.4329,   3/  3,4.31314445
9,8,0,0.21789562,0.16539121,0.16539121,0.6599,   0/  3,4.0149734
9,8,1,0.15845,0.15202864,0.15202864,0.6765,   0/  3,4.0479269
9,8,2,0.14884415,0.14042579,0.14042579,0.7257,   0/  3,4.05017424
9,8,3,0.1406548,0.13534344,0.13534344,0.7374,   0/  3,4.03891444
9,8,4,0.1259477,0.117107,0.117107,0.7978,   0/  3,4.02522111
9,8,5,0.11710018,0.11293471,0.11293471,0.7966,   0/  3,4.02444983
9,8,6,0.11292946,0.10913666,0.10913666,0.8074,   0/  3,4.02256513
9,8,7,0.11067643,0.11235026,0.10913666,0.786,   1/  3,4.02489161
9,8,8,0.10926615,0.10688266,0.10688266,0.8185,   1/  3,4.04503918
9,8,9,0.10809702,0.10800482,0.10688266,0.8031,   2/  3,4.11105895
9,8,10,0.1078812,0.11150382,0.10688266,0.8045,   3/  3,4.15134454
9,9,0,0.15278173,0.09211739,0.09211739,0.8497,   0/  3,3.96766448
9,9,1,0.09370041,0.08922669,0.08922669,0.8522,   0/  3,4.00768876
9,9,2,0.08542199,0.08028478,0.08028478,0.878,   0/  3,4.00842023
9,9,3,0.08081104,0.07993698,0.07993698,0.8813,   0/  3,4.00518203
9,9,4,0.07719511,0.07277609,0.07277609,0.8873,   0/  3,4.00946641
9,9,5,0.07360943,0.0732759,0.07277609,0.8841,   1/  3,4.00619102
9,9,6,0.07153877,0.07218205,0.07218205,0.889,   1/  3,4.01037025
9,9,7,0.07007066,0.0698561,0.0698561,0.889,   1/  3,4.0111599
9,9,8,0.06929988,0.07214631,0.0698561,0.89,   2/  3,4.03209496
9,9,9,0.06834488,0.08024085,0.0698561,0.8669,   3/  3,4.0638907
10,0,0,0.17612815,0.13595157,0.13595157,0.7334,   0/  3,3.99835372
10,0,1,0.13117504,0.11967268,0.11967268,0.7744,   0/  3,4.03675747
10,0,2,0.12308563,0.11716613,0.11716613,0.7851,   0/  3,4.03321099
10,0,3,0.11999246,0.12095978,0.11716613,0.7744,   1/  3,4.03929782
10,0,4,0.11713618,0.10985848,0.10985848,0.7959,   1/  3,4.04204679
10,0,5,0.11397313,0.11275179,0.10985848,0.7891,   2/  3,4.0396812
10,0,6,0.11240223,0.11016663,0.10985848,0.797,   3/  3,4.04288292
10,1,0,0.18363914,0.12468853,0.12468853,0.7632,   0/  3,3.96750188
10,1,1,0.10793035,0.09535971,0.09535971,0.8409,   0/  3,4.01491261
10,1,2,0.09269989,0.08699937,0.08699937,0.8555,   0/  3,4.01200247
10,1,3,0.08638839,0.08914158,0.08699937,0.8542,   1/  3,4.0154984
10,1,4,0.08319014,0.08566329,0.08566329,0.8594,   1/  3,4.01245284
10,1,5,0.08100552,0.0795429,0.0795429,0.8675,   1/  3,4.01481318
10,1,6,0.079569,0.07891392,0.07891392,0.8678,   1/  3,4.00990891
10,1,7,0.07843428,0.08155316,0.07891392,0.8653,   2/  3,4.01451683
10,1,8,0.07733824,0.07674714,0.07674714,0.8739,   2/  3,4.03839254
10,1,9,0.0767268,0.07619934,0.07619934,0.8747,   2/  3,4.08636665
10,1,10,0.07618972,0.08054452,0.07619934,0.8628,   3/  3,4.12037826
10,2,0,0.31759781,0.23260216,0.23260216,0.37,   0/  3,4.01720333
10,2,1,0.178352,0.14901246,0.14901246,0.6806,   0/  3,4.03615999
10,2,2,0.12513527,0.1124575,0.1124575,0.7982,   0/  3,4.02823663
10,2,3,0.10699087,0.10332984,0.10332984,0.8164,   0/  3,4.03560805
10,2,4,0.10051424,0.09520696,0.09520696,0.8346,   0/  3,4.03063869
10,2,5,0.09700852,0.09485479,0.09485479,0.8356,   0/  3,4.02848387
10,2,6,0.09495138,0.0930204,0.0930204,0.8453,   0/  3,4.03317189
10,2,7,0.09294768,0.0972187,0.0930204,0.8293,   1/  3,4.03321052
10,2,8,0.09173331,0.09248901,0.09248901,0.8435,   1/  3,4.0354495
10,2,9,0.09044009,0.09016031,0.09016031,0.8475,   1/  3,4.09079695
10,2,10,0.08995946,0.08901426,0.08901426,0.8475,   1/  3,4.15454197
10,2,11,0.0890725,0.09067205,0.08901426,0.8483,   2/  3,4.17627263
10,2,12,0.08825066,0.09039952,0.08901426,0.8485,   3/  3,4.25125217
10,3,0,0.19878447,0.15358305,0.15358305,0.5983,   0/  3,3.98189878
10,3,1,0.14156752,0.12884311,0.12884311,0.752,   0/  3,4.00686383
10,3,2,0.12576313,0.11780382,0.11780382,0.8033,   0/  3,4.00856042
10,3,3,0.11226415,0.11089885,0.11089885,0.8117,   0/  3,4.00048852
10,3,4,0.10266303,0.09919865,0.09919865,0.8432,   0/  3,3.98244548
10,3,5,0.09681181,0.09794076,0.09794076,0.8347,   0/  3,3.98884559
10,3,6,0.09376304,0.0939311,0.0939311,0.851,   0/  3,3.99472237
10,3,7,0.09144153,0.09217854,0.09217854,0.8526,   0/  3,3.9902997
10,3,8,0.08982434,0.09164111,0.09164111,0.8526,   0/  3,4.00481224
10,3,9,0.08837703,0.08957,0.08957,0.8498,   0/  3,4.0178616
10,3,10,0.08730006,0.0897805,0.08957,0.853,   1/  3,4.04042649
10,3,11,0.08692897,0.0914607,0.08957,0.8511,   2/  3,4.04155064
10,3,12,0.08599119,0.09084074,0.08957,0.8516,   3/  3,4.07147145
10,4,0,0.34296293,0.32502697,0.32502697,0.1135,   0/  3,4.07512212
10,4,1,0.32507318,0.32503289,0.32502697,0.1135,   1/  3,4.10100508
10,4,2,0.32506072,0.32506506,0.32502697,0.1028,   2/  3,4.10731196
10,4,3,0.32507314,0.32505288,0.32502697,0.1135,   3/  3,4.10289407
10,5,0,0.2507659,0.19848222,0.19848222,0.5897,   0/  3,3.98652816
10,5,1,0.18483884,0.18707,0.18707,0.5805,   0/  3,4.03755641
10,5,2,0.14075581,0.12685121,0.12685121,0.7616,   0/  3,4.02709532
10,5,3,0.12245668,0.12888913,0.12685121,0.7751,   1/  3,4.02044058
10,5,4,0.11637586,0.12140275,0.12140275,0.7894,   1/  3,4.0175221
10,5,5,0.11262233,0.11959639,0.11959639,0.8131,   1/  3,4.02412343
10,5,6,0.11054721,0.12244306,0.11959639,0.7857,   2/  3,4.01781201
10,5,7,0.10668659,0.10592474,0.10592474,0.8334,   2/  3,4.01845098
10,5,8,0.10156282,0.10661341,0.10592474,0.8266,   3/  3,4.03221059
10,6,0,0.34161351,0.2685614,0.2685614,0.2536,   0/  3,4.0515058
10,6,1,0.26635487,0.26438784,0.26438784,0.2682,   0/  3,4.08295846
10,6,2,0.26330486,0.25797557,0.25797557,0.2959,   0/  3,4.08693194
10,6,3,0.26196553,0.26154143,0.25797557,0.2702,   1/  3,4.08041167
10,6,4,0.26174164,0.25603055,0.25603055,0.3026,   1/  3,4.08702731
10,6,5,0.26010322,0.25815783,0.25603055,0.2868,   2/  3,4.08917403
10,6,6,0.25995164,0.26197062,0.25603055,0.2769,   3/  3,4.09288216
10,7,0,0.21280724,0.18221354,0.18221354,0.6294,   0/  3,4.01051688
10,7,1,0.15326947,0.13824884,0.13824884,0.7522,   0/  3,4.03539038
10,7,2,0.11764221,0.11469897,0.11469897,0.8048,   0/  3,4.01704764
10,7,3,0.10531,0.10292135,0.10292135,0.8296,   0/  3,4.01863694
10,7,4,0.09880682,0.09251444,0.09251444,0.8597,   0/  3,4.00496078
10,7,5,0.09176073,0.09012972,0.09012972,0.8617,   0/  3,4.01527739
10,7,6,0.08703983,0.08754076,0.08754076,0.8691,   0/  3,4.00973272
10,7,7,0.08484453,0.08109927,0.08109927,0.8738,   0/  3,4.01609778
10,7,8,0.08274212,0.09323932,0.08109927,0.855,   1/  3,4.02450824
10,7,9,0.08143071,0.08142396,0.08109927,0.8761,   2/  3,4.07570457
10,7,10,0.08056663,0.08610997,0.08109927,0.8611,   3/  3,4.11770558
10,8,0,0.19624991,0.14596783,0.14596783,0.7098,   0/  3,3.98535776
10,8,1,0.13009836,0.12289286,0.12289286,0.7743,   0/  3,4.02431798
10,8,2,0.11835724,0.11864388,0.11864388,0.7848,   0/  3,4.0209024
10,8,3,0.11385014,0.116454,0.116454,0.786,   0/  3,4.01522088
10,8,4,0.11077323,0.11047911,0.11047911,0.7948,   0/  3,4.01146746
10,8,5,0.10635497,0.10418177,0.10418177,0.815,   0/  3,4.01089907
10,8,6,0.09747632,0.09602639,0.09602639,0.8276,   0/  3,4.01059127
10,8,7,0.09179287,0.0953657,0.0953657,0.8389,   0/  3,4.01524544
10,8,8,0.08900985,0.09669827,0.0953657,0.8359,   1/  3,4.03269958
10,8,9,0.08689942,0.08517304,0.08517304,0.8605,   1/  3,4.07218742
10,8,10,0.08502346,0.08524065,0.08517304,0.8605,   2/  3,4.11093616
10,8,11,0.08392924,0.09076095,0.08517304,0.8461,   3/  3,4.14254308
10,9,0,0.33972662,0.32524459,0.32524459,0.1135,   0/  3,4.06908226
10,9,1,0.32506758,0.32494981,0.32494981,0.1135,   0/  3,4.09758186
10,9,2,0.32506221,0.32506318,0.32494981,0.101,   1/  3,4.09584594
10,9,3,0.32507384,0.32509327,0.32494981,0.101,   2/  3,4.10206175
10,9,4,0.3250405,0.32504871,0.32494981,0.1135,   3/  3,4.10341907
