Generation,PID, Epoch, Training Loss, Validation Loss,Best loss(Generation), Accuracy,EarlyStopCount,RunTime
0,0,0,0.37665689,0.3249984,0.3249984,0.1135,   0/  3,3.56982422
0,0,1,0.32496237,0.32489831,0.32489831,0.1135,   0/  3,3.58863568
0,0,2,0.32496113,0.32491733,0.32489831,0.1135,   1/  3,3.58347964
0,0,3,0.32495533,0.32491109,0.32489831,0.1135,   2/  3,3.58530784
0,0,4,0.32495422,0.32491412,0.32489831,0.1135,   3/  3,3.58635569
0,1,0,0.38909299,0.32504011,0.32504011,0.1135,   0/  3,3.01070452
0,1,1,0.32496901,0.32491745,0.32491745,0.1135,   0/  3,3.03037858
0,1,2,0.324958,0.3249167,0.3249167,0.1135,   0/  3,3.03151917
0,1,3,0.32495127,0.32495169,0.3249167,0.1135,   1/  3,3.03107595
0,1,4,0.32496193,0.32491089,0.32491089,0.1135,   1/  3,3.02712965
0,1,5,0.32495805,0.32491504,0.32491089,0.1135,   2/  3,3.02663994
0,1,6,0.32495358,0.32493386,0.32491089,0.1135,   3/  3,3.03103447
0,2,0,0.33872304,0.3249521,0.3249521,0.1135,   0/  3,2.95305419
0,2,1,0.32499669,0.32502612,0.3249521,0.1135,   1/  3,2.96884918
0,2,2,0.32501762,0.32500281,0.3249521,0.1135,   2/  3,2.96648502
0,2,3,0.32500303,0.32497938,0.3249521,0.1135,   3/  3,2.96989441
0,3,0,0.36526205,0.2885352,0.2885352,0.2054,   0/  3,3.56844878
0,3,1,0.28229227,0.27818647,0.27818647,0.2076,   0/  3,3.58065248
0,3,2,0.27424829,0.27247561,0.27247561,0.2087,   0/  3,3.57058668
0,3,3,0.27122592,0.27127736,0.27127736,0.21,   0/  3,3.57296252
0,3,4,0.27006823,0.27114325,0.27114325,0.2081,   0/  3,3.57362461
0,3,5,0.26963204,0.26978997,0.26978997,0.2096,   0/  3,3.57252145
0,3,6,0.26930511,0.27014773,0.26978997,0.2101,   1/  3,3.57616115
0,3,7,0.26919347,0.26991972,0.26978997,0.2088,   2/  3,3.59188914
0,3,8,0.26899287,0.27061979,0.26978997,0.2101,   3/  3,3.58246946
0,4,0,0.40325532,0.32511885,0.32511885,0.1135,   0/  3,2.962713
0,4,1,0.32497392,0.32491921,0.32491921,0.1135,   0/  3,2.97203207
0,4,2,0.32495542,0.32492434,0.32491921,0.1135,   1/  3,2.97490859
0,4,3,0.32495383,0.32495346,0.32491921,0.1135,   2/  3,2.9711957
0,4,4,0.32495935,0.32491467,0.32491467,0.1135,   2/  3,2.97119975
0,4,5,0.32495777,0.32491606,0.32491467,0.1135,   3/  3,2.97137403
0,5,0,0.33286765,0.28846622,0.28846622,0.2729,   0/  3,3.54059172
0,5,1,0.27099079,0.26226163,0.26226163,0.3719,   0/  3,3.57105732
0,5,2,0.26091865,0.2616362,0.2616362,0.3825,   0/  3,3.57243943
0,5,3,0.25963279,0.26412352,0.2616362,0.3778,   1/  3,3.56762981
0,5,4,0.25929312,0.26015065,0.26015065,0.3894,   1/  3,3.57172704
0,5,5,0.25921978,0.26000052,0.26000052,0.3552,   1/  3,3.57324266
0,5,6,0.25891245,0.26114884,0.26000052,0.3297,   2/  3,3.56912804
0,5,7,0.25866165,0.2596986,0.2596986,0.37,   2/  3,3.57652783
0,5,8,0.25827981,0.26134682,0.2596986,0.3889,   3/  3,3.58538651
0,6,0,0.40522591,0.32508341,0.32508341,0.1135,   0/  3,3.02264071
0,6,1,0.32496661,0.32492574,0.32492574,0.1135,   0/  3,3.03777218
0,6,2,0.32495308,0.32494049,0.32492574,0.1135,   1/  3,3.04252958
0,6,3,0.32495507,0.32489827,0.32489827,0.1135,   1/  3,3.0393815
0,6,4,0.32495793,0.32492935,0.32489827,0.1135,   2/  3,3.03997946
0,6,5,0.32495275,0.32492794,0.32489827,0.1135,   3/  3,3.03957796
0,7,0,0.37024137,0.32497454,0.32497454,0.1135,   0/  3,3.52715015
0,7,1,0.32496415,0.32491438,0.32491438,0.1135,   0/  3,3.53739285
0,7,2,0.3249569,0.32492798,0.32491438,0.1135,   1/  3,3.53455353
0,7,3,0.32495509,0.32490553,0.32490553,0.1135,   1/  3,3.53381038
0,7,4,0.32495652,0.32491969,0.32490553,0.1135,   2/  3,3.53187442
0,7,5,0.32496064,0.3249164,0.32490553,0.1135,   3/  3,3.53150082
0,8,0,0.35568965,0.32492893,0.32492893,0.1135,   0/  3,3.52579045
0,8,1,0.32500083,0.32493353,0.32492893,0.1135,   1/  3,3.53796101
0,8,2,0.32499211,0.32491802,0.32491802,0.1135,   1/  3,3.5375607
0,8,3,0.32500071,0.32496494,0.32491802,0.1135,   2/  3,3.53722596
0,8,4,0.32499981,0.32497689,0.32491802,0.1135,   3/  3,3.54649448
0,9,0,0.38450301,0.32502353,0.32502353,0.1135,   0/  3,3.57530713
0,9,1,0.32496268,0.32493794,0.32493794,0.1135,   0/  3,3.59071755
0,9,2,0.32494995,0.32493463,0.32493463,0.1135,   0/  3,3.5973413
0,9,3,0.32495499,0.32492789,0.32492789,0.1135,   0/  3,3.58678246
0,9,4,0.32495603,0.32492256,0.32492256,0.1135,   0/  3,3.5889411
0,9,5,0.32495226,0.32491527,0.32491527,0.1135,   0/  3,3.58828878
0,9,6,0.32495023,0.32492212,0.32491527,0.1135,   1/  3,3.58582568
0,9,7,0.32495685,0.32492119,0.32491527,0.1135,   2/  3,3.5970552
0,9,8,0.32495664,0.32490585,0.32490585,0.1135,   2/  3,3.58697438
0,9,9,0.32495143,0.32492692,0.32490585,0.1135,   3/  3,3.60640097
1,0,0,0.38137116,0.32503745,0.32503745,0.1135,   0/  3,3.56482339
1,0,1,0.3249566,0.32491489,0.32491489,0.1135,   0/  3,3.57930422
1,0,2,0.32495783,0.32491457,0.32491457,0.1135,   0/  3,3.57981825
1,0,3,0.32495743,0.32492457,0.32491457,0.1135,   1/  3,3.57084632
1,0,4,0.32495116,0.32496651,0.32491457,0.1135,   2/  3,3.56942391
1,0,5,0.32496035,0.32493209,0.32491457,0.1135,   3/  3,3.55062342
1,1,0,0.39277494,0.32507058,0.32507058,0.1135,   0/  3,2.90579724
1,1,1,0.32496963,0.32491461,0.32491461,0.1135,   0/  3,2.91747856
1,1,2,0.32495497,0.3249288,0.32491461,0.1135,   1/  3,2.91755605
1,1,3,0.32495758,0.32491802,0.32491461,0.1135,   2/  3,2.92175293
1,1,4,0.3249616,0.32492498,0.32491461,0.1135,   3/  3,2.91665149
1,2,0,0.34174275,0.32501168,0.32501168,0.1135,   0/  3,2.9050808
1,2,1,0.32502574,0.32490676,0.32490676,0.1135,   0/  3,2.92253232
1,2,2,0.32502234,0.32494474,0.32490676,0.1135,   1/  3,2.92162442
1,2,3,0.32502415,0.32494491,0.32490676,0.1135,   2/  3,2.91883373
1,2,4,0.32501773,0.32501923,0.32490676,0.1135,   3/  3,2.92337275
1,3,0,0.38617467,0.32501647,0.32501647,0.1135,   0/  3,3.51606131
1,3,1,0.32496733,0.32491561,0.32491561,0.1135,   0/  3,3.53156304
1,3,2,0.32495441,0.32494323,0.32491561,0.1135,   1/  3,3.53074384
1,3,3,0.32494533,0.32490749,0.32490749,0.1135,   1/  3,3.52933455
1,3,4,0.32495217,0.32492827,0.32490749,0.1135,   2/  3,3.53242254
1,3,5,0.32495446,0.32490355,0.32490355,0.1135,   2/  3,3.53559947
1,3,6,0.32495867,0.32492089,0.32490355,0.1135,   3/  3,3.53273392
1,4,0,0.34867942,0.32493268,0.32493268,0.1135,   0/  3,2.90194774
1,4,1,0.32498398,0.3249654,0.32493268,0.101,   1/  3,2.91706252
1,4,2,0.32498412,0.32495017,0.32493268,0.1135,   2/  3,2.91785026
1,4,3,0.32498851,0.32494209,0.32493268,0.1135,   3/  3,2.9194386
1,5,0,0.33719912,0.29527334,0.29527334,0.2044,   0/  3,3.50625134
1,5,1,0.29313626,0.29149325,0.29149325,0.2085,   0/  3,3.51535201
1,5,2,0.29031492,0.29012311,0.29012311,0.1893,   0/  3,3.5126195
1,5,3,0.28629233,0.28573109,0.28573109,0.2532,   0/  3,3.50978446
1,5,4,0.28412244,0.28479573,0.28479573,0.2536,   0/  3,3.51751447
1,5,5,0.28313054,0.28342432,0.28342432,0.265,   0/  3,3.50991058
1,5,6,0.27918021,0.27666957,0.27666957,0.2683,   0/  3,3.50945663
1,5,7,0.27121135,0.27016143,0.27016143,0.2498,   0/  3,3.51048636
1,5,8,0.2645571,0.2631521,0.2631521,0.2826,   0/  3,3.51366735
1,5,9,0.26083557,0.26010094,0.26010094,0.2989,   0/  3,3.53546095
1,5,10,0.25943256,0.25873642,0.25873642,0.3089,   0/  3,3.56580377
1,5,11,0.25882708,0.25829635,0.25829635,0.2898,   0/  3,3.59064364
1,5,12,0.25700532,0.25867773,0.25829635,0.3047,   1/  3,3.60569906
1,5,13,0.25753391,0.25822624,0.25822624,0.3122,   1/  3,3.69483042
1,5,14,0.25691582,0.25803823,0.25803823,0.2969,   1/  3,3.72593832
1,5,15,0.25667682,0.25927935,0.25803823,0.2977,   2/  3,3.72591877
1,5,16,0.25627947,0.25899346,0.25803823,0.3003,   3/  3,3.73107696
1,6,0,0.37025723,0.32499525,0.32499525,0.1135,   0/  3,2.95654821
1,6,1,0.32496107,0.32491374,0.32491374,0.1135,   0/  3,2.97230721
1,6,2,0.32495593,0.32490287,0.32490287,0.1135,   0/  3,2.97250414
1,6,3,0.3249566,0.32490706,0.32490287,0.1135,   1/  3,2.97357011
1,6,4,0.32495073,0.32492044,0.32490287,0.1135,   2/  3,2.97209597
1,6,5,0.32496141,0.32491066,0.32490287,0.1135,   3/  3,2.97194839
1,7,0,0.38934981,0.32504723,0.32504723,0.1032,   0/  3,3.39598584
1,7,1,0.32496627,0.32491934,0.32491934,0.1135,   0/  3,3.41658521
1,7,2,0.32495516,0.3249177,0.3249177,0.1135,   0/  3,3.42445278
1,7,3,0.32495479,0.3249081,0.3249081,0.1135,   0/  3,3.402601
1,7,4,0.32495557,0.32490892,0.3249081,0.1135,   1/  3,3.40618753
1,7,5,0.32495737,0.32495002,0.3249081,0.1135,   2/  3,3.40107059
1,7,6,0.32495543,0.32493172,0.3249081,0.1135,   3/  3,3.41360879
1,8,0,0.34944562,0.32494834,0.32494834,0.1135,   0/  3,3.45259118
1,8,1,0.32498423,0.32496246,0.32494834,0.1135,   1/  3,3.46522403
1,8,2,0.32500502,0.32493377,0.32493377,0.1135,   1/  3,3.46548605
1,8,3,0.32499692,0.32502063,0.32493377,0.1028,   2/  3,3.46655321
1,8,4,0.32498676,0.32491878,0.32491878,0.1135,   2/  3,3.46938539
1,8,5,0.32498635,0.32499325,0.32491878,0.1135,   3/  3,3.46577787
1,9,0,0.38613805,0.32508001,0.32508001,0.1135,   0/  3,3.50311518
1,9,1,0.32275636,0.30541154,0.30541154,0.2013,   0/  3,3.50467753
1,9,2,0.29175989,0.28512691,0.28512691,0.2091,   0/  3,3.50466228
1,9,3,0.28262041,0.28047418,0.28047418,0.2139,   0/  3,3.50421739
1,9,4,0.27981259,0.27951944,0.27951944,0.2112,   0/  3,3.50763726
1,9,5,0.2783168,0.27974778,0.27951944,0.2129,   1/  3,3.5084703
1,9,6,0.27813022,0.276943,0.276943,0.214,   1/  3,3.50601244
1,9,7,0.27761613,0.2771468,0.276943,0.212,   2/  3,3.49341369
1,9,8,0.27720551,0.27856967,0.276943,0.2117,   3/  3,3.48903918
2,0,0,0.39267218,0.32503503,0.32503503,0.1135,   0/  3,3.48557949
2,0,1,0.32496238,0.32493811,0.32493811,0.1135,   0/  3,3.50526524
2,0,2,0.32495761,0.32490348,0.32490348,0.1135,   0/  3,3.50386524
2,0,3,0.32495307,0.32492079,0.32490348,0.1135,   1/  3,3.50432324
2,0,4,0.32495882,0.32493195,0.32490348,0.1135,   2/  3,3.50079536
2,0,5,0.32495576,0.32492199,0.32490348,0.1135,   3/  3,3.50485158
2,1,0,0.35499004,0.32491689,0.32491689,0.1135,   0/  3,2.93318653
2,1,1,0.32499178,0.32496341,0.32491689,0.1135,   1/  3,2.94971442
2,1,2,0.32498824,0.32493131,0.32491689,0.1135,   2/  3,2.95286489
2,1,3,0.32499003,0.32500677,0.32491689,0.1135,   3/  3,2.94904113
2,2,0,0.33576145,0.31411349,0.31411349,0.2116,   0/  3,3.40946984
2,2,1,0.30123766,0.29317966,0.29317966,0.2041,   0/  3,3.4298234
2,2,2,0.29450207,0.29194337,0.29194337,0.2054,   0/  3,3.43099308
2,2,3,0.29314732,0.29078279,0.29078279,0.2065,   0/  3,3.43156338
2,2,4,0.29232684,0.29275671,0.29078279,0.2064,   1/  3,3.43153715
2,2,5,0.29199349,0.29041182,0.29041182,0.2096,   1/  3,3.42937803
2,2,6,0.29177514,0.29056691,0.29041182,0.2076,   2/  3,3.42852473
2,2,7,0.29122992,0.28949073,0.28949073,0.2405,   2/  3,3.43114328
2,2,8,0.28905033,0.28827384,0.28827384,0.2552,   2/  3,3.43152189
2,2,9,0.28730614,0.28741746,0.28741746,0.2341,   2/  3,3.44976687
2,2,10,0.28574149,0.28485397,0.28485397,0.268,   2/  3,3.46873355
2,2,11,0.28256544,0.28036467,0.28036467,0.2525,   2/  3,3.47566819
2,2,12,0.27824175,0.28107996,0.28036467,0.2766,   3/  3,3.48676443
2,3,0,0.39099722,0.32513948,0.32513948,0.1135,   0/  3,3.38185358
2,3,1,0.32497354,0.324909,0.324909,0.1135,   0/  3,3.39627004
2,3,2,0.32495693,0.32491044,0.324909,0.1135,   1/  3,3.41778159
2,3,3,0.32495445,0.32492025,0.324909,0.1135,   2/  3,3.44329047
2,3,4,0.32495058,0.32493192,0.324909,0.1135,   3/  3,3.40253353
2,4,0,0.34740643,0.32494869,0.32494869,0.1135,   0/  3,2.89106917
2,4,1,0.32502273,0.32497269,0.32494869,0.1135,   1/  3,2.89814067
2,4,2,0.32500654,0.32503567,0.32494869,0.1135,   2/  3,2.89842296
2,4,3,0.32502116,0.32500213,0.32494869,0.1028,   3/  3,2.89996076
2,5,0,0.34770119,0.32494052,0.32494052,0.1135,   0/  3,3.48929548
2,5,1,0.32500737,0.32492851,0.32492851,0.1135,   0/  3,3.50608897
2,5,2,0.32499408,0.32493636,0.32492851,0.1135,   1/  3,3.50373936
2,5,3,0.32499745,0.32504015,0.32492851,0.1135,   2/  3,3.50961924
2,5,4,0.32500653,0.32494673,0.32492851,0.1135,   3/  3,3.50537634
2,6,0,0.39534497,0.32512194,0.32512194,0.1135,   0/  3,3.44854331
2,6,1,0.32497285,0.32493162,0.32493162,0.1135,   0/  3,3.46601605
2,6,2,0.32494981,0.32492071,0.32492071,0.1135,   0/  3,3.46719742
2,6,3,0.32495823,0.32493724,0.32492071,0.1135,   1/  3,3.46615267
2,6,4,0.3249548,0.32491123,0.32491123,0.1135,   1/  3,3.46861959
2,6,5,0.32495239,0.32490671,0.32490671,0.1135,   1/  3,3.46736169
2,6,6,0.32495673,0.32491698,0.32490671,0.1135,   2/  3,3.46382833
2,6,7,0.3249524,0.32491589,0.32490671,0.1135,   3/  3,3.47118163
2,7,0,0.35791656,0.32507089,0.32507089,0.1028,   0/  3,3.43658185
2,7,1,0.32525136,0.32535414,0.32507089,0.1792,   1/  3,3.44376278
2,7,2,0.30841172,0.29260053,0.29260053,0.204,   1/  3,3.42778373
2,7,3,0.28989523,0.28696839,0.28696839,0.1782,   1/  3,3.43682361
2,7,4,0.28308501,0.28099055,0.28099055,0.227,   1/  3,3.4348712
2,7,5,0.28006737,0.27924946,0.27924946,0.2136,   1/  3,3.43363285
2,7,6,0.27853105,0.27752228,0.27752228,0.2837,   1/  3,3.43474126
2,7,7,0.27736704,0.27758917,0.27752228,0.2696,   2/  3,3.43785357
2,7,8,0.27661153,0.27664928,0.27664928,0.2944,   2/  3,3.43566751
2,7,9,0.27552983,0.27493184,0.27493184,0.2645,   2/  3,3.43890834
2,7,10,0.2738113,0.27364023,0.27364023,0.2672,   2/  3,3.45846486
2,7,11,0.27271007,0.2726633,0.2726633,0.2492,   2/  3,3.4662571
2,7,12,0.27202421,0.27192348,0.27192348,0.2551,   2/  3,3.48235536
2,7,13,0.27119456,0.27114833,0.27114833,0.2595,   2/  3,3.52624941
2,7,14,0.27078613,0.27091763,0.27091763,0.2732,   2/  3,3.54525733
2,7,15,0.27055512,0.27081047,0.27081047,0.2649,   2/  3,3.54225564
2,7,16,0.27024219,0.27187024,0.27081047,0.2852,   3/  3,3.54133773
2,8,0,0.36097767,0.2969147,0.2969147,0.2079,   0/  3,3.42454529
2,8,1,0.29265885,0.28794682,0.28794682,0.2071,   0/  3,3.44982219
2,8,2,0.28613284,0.28290202,0.28290202,0.2061,   0/  3,3.44202352
2,8,3,0.28147213,0.28054384,0.28054384,0.2077,   0/  3,3.43507624
2,8,4,0.28037616,0.28009605,0.28009605,0.2082,   0/  3,3.44560599
2,8,5,0.27985077,0.28023477,0.28009605,0.2069,   1/  3,3.43939257
2,8,6,0.27965497,0.28079599,0.28009605,0.2097,   2/  3,3.44907308
2,8,7,0.27973822,0.28276027,0.28009605,0.209,   3/  3,3.43604589
2,9,0,0.41288576,0.32515943,0.32515943,0.101,   0/  3,3.47398424
2,9,1,0.32497377,0.32493948,0.32493948,0.1135,   0/  3,3.48444867
2,9,2,0.32495569,0.32491717,0.32491717,0.1135,   0/  3,3.49005318
2,9,3,0.3249558,0.32494556,0.32491717,0.1135,   1/  3,3.48737359
2,9,4,0.32495399,0.32492799,0.32491717,0.1135,   2/  3,3.48423219
2,9,5,0.32495106,0.32494144,0.32491717,0.1135,   3/  3,3.48795772
3,0,0,0.33761362,0.31050766,0.31050766,0.2085,   0/  3,3.47235012
3,0,1,0.28973895,0.28246337,0.28246337,0.2516,   0/  3,3.49371123
3,0,2,0.27617712,0.27541705,0.27541705,0.2774,   0/  3,3.49059963
3,0,3,0.27346986,0.27427936,0.27427936,0.2716,   0/  3,3.49022293
3,0,4,0.2727524,0.27281326,0.27281326,0.2822,   0/  3,3.48574305
3,0,5,0.27224992,0.27267488,0.27267488,0.2858,   0/  3,3.49250174
3,0,6,0.2718632,0.27162865,0.27162865,0.2936,   0/  3,3.48835349
3,0,7,0.27158626,0.27413217,0.27162865,0.2949,   1/  3,3.4918437
3,0,8,0.27104475,0.27105353,0.27105353,0.2856,   1/  3,3.49670196
3,0,9,0.27074635,0.2706989,0.2706989,0.293,   1/  3,3.52283406
3,0,10,0.27042658,0.27058842,0.27058842,0.27,   1/  3,3.55758905
3,0,11,0.27008904,0.27041578,0.27041578,0.2805,   1/  3,3.56780624
3,0,12,0.26952679,0.26876349,0.26876349,0.2771,   1/  3,3.60554576
3,0,13,0.26904303,0.26957142,0.26876349,0.269,   2/  3,3.68659377
3,0,14,0.26778738,0.26670979,0.26670979,0.2827,   2/  3,3.69250679
3,0,15,0.26662692,0.26599287,0.26599287,0.2727,   2/  3,3.68694663
3,0,16,0.28681738,0.39120962,0.26599287,0.1135,   3/  3,3.68958521
3,1,0,0.37864087,0.32495383,0.32495383,0.1135,   0/  3,2.91102791
3,1,1,0.3249764,0.32490838,0.32490838,0.1135,   0/  3,2.94270778
3,1,2,0.32498643,0.32493712,0.32490838,0.1135,   1/  3,2.93946719
3,1,3,0.32497806,0.32490095,0.32490095,0.1135,   1/  3,2.94181967
3,1,4,0.32498812,0.324925,0.32490095,0.1135,   2/  3,2.94224453
3,1,5,0.32497675,0.32493298,0.32490095,0.1135,   3/  3,2.94304729
3,2,0,0.37824666,0.32504137,0.32504137,0.1135,   0/  3,3.43761134
3,2,1,0.32496935,0.32492448,0.32492448,0.1135,   0/  3,3.4470315
3,2,2,0.32495276,0.3249428,0.32492448,0.1135,   1/  3,3.45827532
3,2,3,0.32495228,0.3249499,0.32492448,0.1135,   2/  3,3.45949149
3,2,4,0.32495798,0.32492248,0.32492248,0.1135,   2/  3,3.45511103
3,2,5,0.32495808,0.32491642,0.32491642,0.1135,   2/  3,3.45889735
3,2,6,0.32495215,0.32493565,0.32491642,0.1135,   3/  3,3.46065021
3,3,0,0.38153357,0.32501305,0.32501305,0.1135,   0/  3,3.40551615
3,3,1,0.32495356,0.32490829,0.32490829,0.1135,   0/  3,3.40346408
3,3,2,0.32495492,0.32490946,0.32490829,0.1135,   1/  3,3.40535092
3,3,3,0.32495429,0.32491828,0.32490829,0.1135,   2/  3,3.40649152
3,3,4,0.32495461,0.32491417,0.32490829,0.1135,   3/  3,3.41017199
3,4,0,0.35071531,0.32493674,0.32493674,0.1135,   0/  3,2.88486648
3,4,1,0.32499646,0.32493969,0.32493674,0.1135,   1/  3,2.89794254
3,4,2,0.32498037,0.32491296,0.32491296,0.1135,   1/  3,2.89609861
3,4,3,0.32497654,0.32493712,0.32491296,0.1135,   2/  3,2.89944172
3,4,4,0.32499602,0.32490159,0.32490159,0.1135,   2/  3,2.90053058
3,4,5,0.32498852,0.32493281,0.32490159,0.1135,   3/  3,2.89746976
3,5,0,0.30870789,0.25293857,0.25293857,0.3882,   0/  3,3.44625902
3,5,1,0.23764315,0.23512142,0.23512142,0.3762,   0/  3,3.46819282
3,5,2,0.22870451,0.2291786,0.2291786,0.4005,   0/  3,3.47135901
3,5,3,0.22600989,0.22710864,0.22710864,0.3938,   0/  3,3.475456
3,5,4,0.22433223,0.22691314,0.22691314,0.4056,   0/  3,3.47411776
3,5,5,0.22306913,0.22523925,0.22523925,0.3899,   0/  3,3.47556043
3,5,6,0.22038121,0.22261121,0.22261121,0.4152,   0/  3,3.47092533
3,5,7,0.21853808,0.22073235,0.22073235,0.4306,   0/  3,3.47149086
3,5,8,0.2166814,0.22026579,0.22026579,0.4309,   0/  3,3.48368549
3,5,9,0.21547741,0.21884253,0.21884253,0.4173,   0/  3,3.51153874
3,5,10,0.21453109,0.22354432,0.21884253,0.4232,   1/  3,3.52314305
3,5,11,0.21366099,0.21712489,0.21712489,0.4259,   1/  3,3.53573442
3,5,12,0.21202711,0.21594664,0.21594664,0.4271,   1/  3,3.57830095
3,5,13,0.21058261,0.21491928,0.21491928,0.4401,   1/  3,3.61361337
3,5,14,0.20996674,0.21266202,0.21266202,0.4366,   1/  3,3.61797214
3,5,15,0.2091996,0.21374187,0.21266202,0.4443,   2/  3,3.61862278
3,5,16,0.208635,0.21187144,0.21187144,0.4457,   2/  3,3.61823273
3,5,17,0.20829892,0.21059088,0.21059088,0.455,   2/  3,3.62059498
3,5,18,0.20773983,0.21398323,0.21059088,0.4423,   3/  3,3.62509847
3,6,0,0.35636856,0.3249779,0.3249779,0.1135,   0/  3,2.95002317
3,6,1,0.32498803,0.32499024,0.3249779,0.1135,   1/  3,2.9539113
3,6,2,0.32499701,0.32500643,0.3249779,0.1028,   2/  3,2.95002317
3,6,3,0.32499121,0.3249971,0.3249779,0.1135,   3/  3,2.94892716
3,7,0,0.39171612,0.32506677,0.32506677,0.1135,   0/  3,3.42820048
3,7,1,0.32496607,0.32493818,0.32493818,0.1135,   0/  3,3.43394017
3,7,2,0.32495082,0.32495114,0.32493818,0.1135,   1/  3,3.43771648
3,7,3,0.32495231,0.32492712,0.32492712,0.1135,   1/  3,3.43634915
3,7,4,0.32494699,0.32492768,0.32492712,0.1135,   2/  3,3.44075942
3,7,5,0.3249545,0.32492414,0.32492414,0.1135,   2/  3,3.43716097
3,7,6,0.32495365,0.3249297,0.32492414,0.1135,   3/  3,3.44005418
3,8,0,0.3828975,0.32505561,0.32505561,0.1135,   0/  3,3.4311552
3,8,1,0.32496457,0.32492832,0.32492832,0.1135,   0/  3,3.4484117
3,8,2,0.32495828,0.32491465,0.32491465,0.1135,   0/  3,3.43929791
3,8,3,0.32495386,0.32492224,0.32491465,0.1135,   1/  3,3.44447184
3,8,4,0.3249561,0.32494544,0.32491465,0.1135,   2/  3,3.44172025
3,8,5,0.32495562,0.32491862,0.32491465,0.1135,   3/  3,3.44178486
3,9,0,0.31193401,0.27579007,0.27579007,0.3083,   0/  3,3.4593327
3,9,1,0.27431483,0.27502157,0.27502157,0.2958,   0/  3,3.47467375
3,9,2,0.27292492,0.27091038,0.27091038,0.3139,   0/  3,3.47422266
3,9,3,0.27247095,0.26998361,0.26998361,0.3161,   0/  3,3.47514582
3,9,4,0.27212475,0.26945892,0.26945892,0.3509,   0/  3,3.53744149
3,9,5,0.27178482,0.27174464,0.26945892,0.33,   1/  3,3.47699046
3,9,6,0.2717038,0.27067231,0.26945892,0.3239,   2/  3,3.48163056
3,9,7,0.27174424,0.26954775,0.26945892,0.3287,   3/  3,3.47586036
4,0,0,0.34298242,0.32502789,0.32502789,0.1135,   0/  3,3.42099571
4,0,1,0.32503605,0.32509186,0.32502789,0.1135,   1/  3,3.43064833
4,0,2,0.32504891,0.32496188,0.32496188,0.1135,   1/  3,3.42550182
4,0,3,0.32505908,0.32501838,0.32496188,0.1028,   2/  3,3.43344927
4,0,4,0.32505009,0.32505331,0.32496188,0.1135,   3/  3,3.43457651
4,1,0,0.3843817,0.32500085,0.32500085,0.1135,   0/  3,2.94183183
4,1,1,0.32496598,0.32492357,0.32492357,0.1135,   0/  3,2.95963955
4,1,2,0.32495713,0.3249034,0.3249034,0.1135,   0/  3,2.95790648
4,1,3,0.32494437,0.32495516,0.3249034,0.1135,   1/  3,2.95569539
4,1,4,0.32495616,0.32491402,0.3249034,0.1135,   2/  3,2.96246266
4,1,5,0.32496109,0.32491508,0.3249034,0.1135,   3/  3,2.95817852
4,2,0,0.36960186,0.27969034,0.27969034,0.3229,   0/  3,3.41368842
4,2,1,0.27546923,0.27469994,0.27469994,0.3266,   0/  3,3.42972159
4,2,2,0.27321781,0.27398536,0.27398536,0.3485,   0/  3,3.42928958
4,2,3,0.27257555,0.27362086,0.27362086,0.3246,   0/  3,3.42656422
4,2,4,0.27222445,0.27349978,0.27349978,0.3412,   0/  3,3.42098618
4,2,5,0.2718235,0.27322188,0.27322188,0.3275,   0/  3,3.41961575
4,2,6,0.27160229,0.27283771,0.27283771,0.3363,   0/  3,3.4246645
4,2,7,0.27139142,0.27298074,0.27283771,0.3396,   1/  3,3.42761731
4,2,8,0.2712702,0.27336953,0.27283771,0.3414,   2/  3,3.43142533
4,2,9,0.27120513,0.2746322,0.27283771,0.3373,   3/  3,3.43195629
4,3,0,0.37130453,0.32491763,0.32491763,0.1135,   0/  3,3.4226408
4,3,1,0.32499681,0.32496938,0.32491763,0.1135,   1/  3,3.4379282
4,3,2,0.32499903,0.32494275,0.32491763,0.1135,   2/  3,3.441715
4,3,3,0.32499757,0.32494919,0.32491763,0.1028,   3/  3,3.43940091
4,4,0,0.34588934,0.32492519,0.32492519,0.1135,   0/  3,2.88008022
4,4,1,0.3250104,0.32494322,0.32492519,0.1135,   1/  3,2.89734292
4,4,2,0.32499615,0.32495346,0.32492519,0.1135,   2/  3,2.89888477
4,4,3,0.32497744,0.32497713,0.32492519,0.1135,   3/  3,2.90075207
4,5,0,0.33789715,0.27529427,0.27529427,0.2793,   0/  3,3.4677
4,5,1,0.27579996,0.27403762,0.27403762,0.2769,   0/  3,3.50090742
4,5,2,0.27477187,0.27306611,0.27306611,0.2805,   0/  3,3.49926353
4,5,3,0.27422689,0.27256603,0.27256603,0.2778,   0/  3,3.49756622
4,5,4,0.27356337,0.27311419,0.27256603,0.2725,   1/  3,3.49807596
4,5,5,0.27326302,0.27387041,0.27256603,0.2671,   2/  3,3.49311686
4,5,6,0.27297175,0.27147441,0.27147441,0.2976,   2/  3,3.49618173
4,5,7,0.27280255,0.27170797,0.27147441,0.2995,   3/  3,3.49670792
4,6,0,0.39041187,0.325032,0.325032,0.1135,   0/  3,2.92869306
4,6,1,0.32496022,0.32492772,0.32492772,0.1135,   0/  3,2.94616032
4,6,2,0.32495772,0.32492951,0.32492772,0.1135,   1/  3,2.94932628
4,6,3,0.32495621,0.32491528,0.32491528,0.1135,   1/  3,2.94665074
4,6,4,0.32495319,0.32491943,0.32491528,0.1135,   2/  3,2.94695187
4,6,5,0.32495234,0.32491961,0.32491528,0.1135,   3/  3,2.94678545
4,7,0,0.31451298,0.27772745,0.27772745,0.3034,   0/  3,3.40339446
4,7,1,0.27406842,0.27267749,0.27267749,0.3155,   0/  3,3.41969419
4,7,2,0.27323228,0.27222781,0.27222781,0.3037,   0/  3,3.42016673
4,7,3,0.27298183,0.27289732,0.27222781,0.3267,   1/  3,3.41926765
4,7,4,0.2729778,0.27325194,0.27222781,0.322,   2/  3,3.4220252
4,7,5,0.27285584,0.27197525,0.27197525,0.311,   2/  3,3.42110467
4,7,6,0.27274807,0.27192027,0.27192027,0.2932,   2/  3,3.4146657
4,7,7,0.27263112,0.27192115,0.27192027,0.319,   3/  3,3.42244768
4,8,0,0.35877743,0.32506115,0.32506115,0.1028,   0/  3,3.42003274
4,8,1,0.32502474,0.32498438,0.32498438,0.1135,   0/  3,3.44344068
4,8,2,0.32501236,0.32503366,0.32498438,0.1135,   1/  3,3.44290113
4,8,3,0.3250099,0.32500887,0.32498438,0.1135,   2/  3,3.446244
4,8,4,0.32501863,0.32496807,0.32496807,0.1135,   2/  3,3.44306636
4,8,5,0.325021,0.32492746,0.32492746,0.1135,   2/  3,3.44913721
4,8,6,0.32502423,0.32499234,0.32492746,0.1028,   3/  3,3.44755602
4,9,0,0.39895511,0.32508915,0.32508915,0.1135,   0/  3,3.42527151
4,9,1,0.32496862,0.32494194,0.32494194,0.1135,   0/  3,3.43696022
4,9,2,0.32495638,0.32492034,0.32492034,0.1135,   0/  3,3.4398222
4,9,3,0.32495261,0.32494121,0.32492034,0.1135,   1/  3,3.43578935
4,9,4,0.32495798,0.324909,0.324909,0.1135,   1/  3,3.44270682
4,9,5,0.32494339,0.32490824,0.32490824,0.1135,   1/  3,3.44143724
4,9,6,0.32495575,0.32492698,0.32490824,0.1135,   2/  3,3.43623829
4,9,7,0.32495449,0.3249157,0.32490824,0.1135,   3/  3,3.43792272
5,0,0,0.34504474,0.32496596,0.32496596,0.1135,   0/  3,3.43689418
5,0,1,0.32500924,0.32497524,0.32496596,0.1135,   1/  3,3.44722104
5,0,2,0.32498825,0.32493623,0.32493623,0.1135,   1/  3,3.45245385
5,0,3,0.3249998,0.32495303,0.32493623,0.1135,   2/  3,3.44808912
5,0,4,0.32499435,0.32496477,0.32493623,0.1135,   3/  3,3.44839001
5,1,0,0.38613041,0.32502649,0.32502649,0.1135,   0/  3,2.9354763
5,1,1,0.32496576,0.32494692,0.32494692,0.1135,   0/  3,2.9486177
5,1,2,0.32496008,0.32492972,0.32492972,0.1135,   0/  3,2.94842577
5,1,3,0.32495526,0.32492369,0.32492369,0.1135,   0/  3,2.95023441
5,1,4,0.32495844,0.32492587,0.32492369,0.1135,   1/  3,2.95244956
5,1,5,0.3249636,0.32492259,0.32492259,0.1135,   1/  3,2.95227027
5,1,6,0.3249567,0.32491336,0.32491336,0.1135,   1/  3,2.9492197
5,1,7,0.32495619,0.32492407,0.32491336,0.1135,   2/  3,2.94915056
5,1,8,0.32495752,0.32492662,0.32491336,0.1135,   3/  3,2.9589293
5,2,0,0.37829996,0.32496614,0.32496614,0.1135,   0/  3,3.48623085
5,2,1,0.32496613,0.32491813,0.32491813,0.1135,   0/  3,3.42144799
5,2,2,0.32495827,0.32491691,0.32491691,0.1135,   0/  3,3.44587851
5,2,3,0.32494993,0.32492738,0.32491691,0.1135,   1/  3,3.4249723
5,2,4,0.32496021,0.32494018,0.32491691,0.1135,   2/  3,3.39549422
5,2,5,0.32495293,0.324952,0.32491691,0.1135,   3/  3,3.44139957
5,3,0,0.3728952,0.32497955,0.32497955,0.1135,   0/  3,3.44973469
5,3,1,0.32496159,0.32493385,0.32493385,0.1135,   0/  3,3.46744537
5,3,2,0.32495457,0.32492094,0.32492094,0.1135,   0/  3,3.46622229
5,3,3,0.32495903,0.32492636,0.32492094,0.1135,   1/  3,3.45902872
5,3,4,0.32496066,0.32491548,0.32491548,0.1135,   1/  3,3.45630145
5,3,5,0.32494892,0.3249597,0.32491548,0.1135,   2/  3,3.45907521
5,3,6,0.32495312,0.32496172,0.32491548,0.1135,   3/  3,3.45828891
5,4,0,0.35217533,0.32491975,0.32491975,0.1135,   0/  3,2.8817215
5,4,1,0.32501223,0.32498761,0.32491975,0.1135,   1/  3,2.90269923
5,4,2,0.32501407,0.32499132,0.32491975,0.1028,   2/  3,2.89706945
5,4,3,0.32501677,0.32494118,0.32491975,0.1135,   3/  3,2.89955449
5,5,0,0.34083856,0.3250757,0.3250757,0.1028,   0/  3,3.48074126
5,5,1,0.3250083,0.32503464,0.32503464,0.1135,   0/  3,3.49553728
5,5,2,0.32502613,0.32503167,0.32503167,0.1135,   0/  3,3.49854469
5,5,3,0.32502842,0.32501466,0.32501466,0.1028,   0/  3,3.49818635
5,5,4,0.32503529,0.32498038,0.32498038,0.1135,   0/  3,3.49503064
5,5,5,0.32501968,0.32507474,0.32498038,0.1135,   1/  3,3.49687362
5,5,6,0.32503999,0.32498688,0.32498038,0.1135,   2/  3,3.49358344
5,5,7,0.32501898,0.32514236,0.32498038,0.1135,   3/  3,3.49585032
5,6,0,0.35451542,0.32493083,0.32493083,0.1135,   0/  3,2.87267852
5,6,1,0.32500975,0.32495327,0.32493083,0.1135,   1/  3,2.88668418
5,6,2,0.32500558,0.32504861,0.32493083,0.1135,   2/  3,2.88748479
5,6,3,0.32501474,0.32492654,0.32492654,0.1135,   2/  3,2.88597107
5,6,4,0.32501966,0.32499131,0.32492654,0.1135,   3/  3,2.88817143
5,7,0,0.31161373,0.27369458,0.27369458,0.2181,   0/  3,3.40504694
5,7,1,0.26646457,0.26507257,0.26507257,0.2369,   0/  3,3.41673183
5,7,2,0.26204061,0.26446561,0.26446561,0.2748,   0/  3,3.4205873
5,7,3,0.25992396,0.2622104,0.2622104,0.2993,   0/  3,3.42216802
5,7,4,0.25900913,0.26225446,0.2622104,0.2885,   1/  3,3.42886305
5,7,5,0.2584931,0.26164701,0.26164701,0.2928,   1/  3,3.42434812
5,7,6,0.25820247,0.25970982,0.25970982,0.3041,   1/  3,3.42140675
5,7,7,0.25785737,0.26112884,0.25970982,0.2929,   2/  3,3.42689562
5,7,8,0.25756692,0.25905567,0.25905567,0.3077,   2/  3,3.43554139
5,7,9,0.25734668,0.25912959,0.25905567,0.3045,   3/  3,3.44743919
5,8,0,0.35609172,0.32492586,0.32492586,0.1135,   0/  3,3.432374
5,8,1,0.32503139,0.32497356,0.32492586,0.1135,   1/  3,3.45040369
5,8,2,0.32503747,0.3249765,0.32492586,0.1135,   2/  3,3.45116925
5,8,3,0.3250399,0.32502971,0.32492586,0.1135,   3/  3,3.44955015
5,9,0,0.35173077,0.32497292,0.32497292,0.1135,   0/  3,3.43134904
5,9,1,0.32501344,0.32506579,0.32497292,0.1135,   1/  3,3.44965744
5,9,2,0.32501739,0.32500029,0.32497292,0.1135,   2/  3,3.44735765
5,9,3,0.32501756,0.32496495,0.32496495,0.1135,   2/  3,3.44671845
5,9,4,0.32501486,0.32499568,0.32496495,0.1135,   3/  3,3.45212531
6,0,0,0.36329789,0.32495794,0.32495794,0.1135,   0/  3,3.43809795
6,0,1,0.32497663,0.32497027,0.32495794,0.1135,   1/  3,3.45717812
6,0,2,0.32498233,0.32493167,0.32493167,0.1135,   1/  3,3.4560914
6,0,3,0.32499018,0.32496859,0.32493167,0.1135,   2/  3,3.45891666
6,0,4,0.324984,0.32497414,0.32493167,0.1028,   3/  3,3.45588851
6,1,0,0.36848672,0.32500906,0.32500906,0.1135,   0/  3,2.94155908
6,1,1,0.30195883,0.28243718,0.28243718,0.2125,   0/  3,2.94053316
6,1,2,0.28362017,0.28169442,0.28169442,0.2144,   0/  3,2.94482374
6,1,3,0.28307753,0.28131541,0.28131541,0.2133,   0/  3,2.94364977
6,1,4,0.28289234,0.28145686,0.28131541,0.2139,   1/  3,2.94385552
6,1,5,0.28278985,0.2818799,0.28131541,0.213,   2/  3,2.94497442
6,1,6,0.28268288,0.28231988,0.28131541,0.2145,   3/  3,2.94610691
6,2,0,0.38261153,0.32499243,0.32499243,0.1135,   0/  3,3.43664145
6,2,1,0.32496099,0.32493271,0.32493271,0.1135,   0/  3,3.43518472
6,2,2,0.32495276,0.32493965,0.32493271,0.1135,   1/  3,3.42965794
6,2,3,0.32495356,0.3249126,0.3249126,0.1135,   1/  3,3.43162727
6,2,4,0.32494897,0.32492548,0.3249126,0.1135,   2/  3,3.43372631
6,2,5,0.3249572,0.32490684,0.32490684,0.1135,   2/  3,3.43574595
6,2,6,0.32495602,0.32491401,0.32490684,0.1135,   3/  3,3.43382645
6,3,0,0.37103923,0.32499031,0.32499031,0.1135,   0/  3,3.49212193
6,3,1,0.32495936,0.32491791,0.32491791,0.1135,   0/  3,3.51742196
6,3,2,0.32495044,0.32491577,0.32491577,0.1135,   0/  3,3.51429582
6,3,3,0.32495472,0.3249157,0.3249157,0.1135,   0/  3,3.51322031
6,3,4,0.32496319,0.32491743,0.3249157,0.1135,   1/  3,3.50807691
6,3,5,0.32494997,0.32492613,0.3249157,0.1135,   2/  3,3.51331878
6,3,6,0.32495215,0.32491754,0.3249157,0.1135,   3/  3,3.51169181
6,4,0,0.37397614,0.32498243,0.32498243,0.1135,   0/  3,2.85935044
6,4,1,0.32495894,0.32493513,0.32493513,0.1135,   0/  3,2.8695662
6,4,2,0.32494529,0.32493186,0.32493186,0.1135,   0/  3,2.86973763
6,4,3,0.32495894,0.32491977,0.32491977,0.1135,   0/  3,2.86868548
6,4,4,0.32495956,0.32492833,0.32491977,0.1135,   1/  3,2.86603379
6,4,5,0.32495575,0.32493475,0.32491977,0.1135,   2/  3,2.86822224
6,4,6,0.32496103,0.32493415,0.32491977,0.1135,   3/  3,2.86714911
6,5,0,0.39074906,0.32502354,0.32502354,0.1135,   0/  3,3.44837809
6,5,1,0.32495934,0.324944,0.324944,0.1135,   0/  3,3.45901537
6,5,2,0.32495134,0.32492068,0.32492068,0.1135,   0/  3,3.46084547
6,5,3,0.32494393,0.32492331,0.32492068,0.1135,   1/  3,3.46177173
6,5,4,0.32495348,0.32494184,0.32492068,0.1135,   2/  3,3.45635629
6,5,5,0.32495467,0.32493754,0.32492068,0.1135,   3/  3,3.45628262
6,6,0,0.35627159,0.32495505,0.32495505,0.1028,   0/  3,2.87707281
6,6,1,0.32500306,0.32495063,0.32495063,0.1135,   0/  3,2.88797879
6,6,2,0.32499464,0.32493477,0.32493477,0.1135,   0/  3,2.88891578
6,6,3,0.3249962,0.32495255,0.32493477,0.1135,   1/  3,2.88961506
6,6,4,0.32501208,0.32492964,0.32492964,0.1135,   1/  3,2.8876822
6,6,5,0.32498897,0.32493059,0.32492964,0.1135,   2/  3,2.88769197
6,6,6,0.32498201,0.32497784,0.32492964,0.1135,   3/  3,2.89204979
6,7,0,0.34694796,0.32498043,0.32498043,0.1135,   0/  3,3.43762279
6,7,1,0.3250014,0.32496444,0.32496444,0.1135,   0/  3,3.44670296
6,7,2,0.32499513,0.3249482,0.3249482,0.1135,   0/  3,3.45139623
6,7,3,0.32498024,0.32493036,0.32493036,0.1135,   0/  3,3.4527781
6,7,4,0.3249985,0.32498966,0.32493036,0.1135,   1/  3,3.45238638
6,7,5,0.32499626,0.32494244,0.32493036,0.1135,   2/  3,3.45491815
6,7,6,0.32498487,0.3249983,0.32493036,0.1135,   3/  3,3.44912434
6,8,0,0.34557486,0.32498196,0.32498196,0.1135,   0/  3,3.428087
6,8,1,0.32498592,0.32492175,0.32492175,0.1135,   0/  3,3.44818354
6,8,2,0.32498161,0.32502709,0.32492175,0.1135,   1/  3,3.44949532
6,8,3,0.32499022,0.32503088,0.32492175,0.1135,   2/  3,3.4447372
6,8,4,0.3250015,0.32496002,0.32492175,0.1028,   3/  3,3.44842815
6,9,0,0.34939556,0.3250076,0.3250076,0.1135,   0/  3,3.43069005
6,9,1,0.3250238,0.32498423,0.32498423,0.1135,   0/  3,3.44475508
6,9,2,0.32500673,0.32498514,0.32498423,0.1135,   1/  3,3.44231296
6,9,3,0.32502376,0.32493184,0.32493184,0.1135,   1/  3,3.44426155
6,9,4,0.32501197,0.32500623,0.32493184,0.1135,   2/  3,3.44908834
6,9,5,0.32501617,0.32497371,0.32493184,0.1135,   3/  3,3.4463253
7,0,0,0.31006176,0.28229266,0.28229266,0.2128,   0/  3,3.47896075
7,0,1,0.28316519,0.281603,0.281603,0.2122,   0/  3,3.50724673
7,0,2,0.2828909,0.28183394,0.281603,0.213,   1/  3,3.50968719
7,0,3,0.28257428,0.2813081,0.2813081,0.2127,   1/  3,3.5093112
7,0,4,0.28251473,0.28220654,0.2813081,0.2059,   2/  3,3.50681424
7,0,5,0.28247583,0.28145136,0.2813081,0.2138,   3/  3,3.50835061
7,1,0,0.34964215,0.32494923,0.32494923,0.1135,   0/  3,2.93727255
7,1,1,0.32499649,0.3249656,0.32494923,0.1135,   1/  3,2.95666361
7,1,2,0.32498335,0.32500153,0.32494923,0.1135,   2/  3,2.95168948
7,1,3,0.32500969,0.32494491,0.32494491,0.1135,   2/  3,2.95258546
7,1,4,0.32499363,0.32495455,0.32494491,0.1135,   3/  3,2.95775199
7,2,0,0.34191033,0.32514167,0.32514167,0.1028,   0/  3,3.43338466
7,2,1,0.3250417,0.32528407,0.32514167,0.1135,   1/  3,3.43748236
7,2,2,0.32505688,0.32504986,0.32504986,0.1135,   1/  3,3.44665027
7,2,3,0.32504335,0.32500121,0.32500121,0.1135,   1/  3,3.44587946
7,2,4,0.32504493,0.32497576,0.32497576,0.1135,   1/  3,3.44467974
7,2,5,0.32504748,0.32496666,0.32496666,0.1135,   1/  3,3.44782829
7,2,6,0.32502141,0.32504661,0.32496666,0.1135,   2/  3,3.44786978
7,2,7,0.32504274,0.3250285,0.32496666,0.1135,   3/  3,3.44640732
7,3,0,0.37756535,0.32503367,0.32503367,0.1135,   0/  3,3.51317573
7,3,1,0.32496716,0.32491108,0.32491108,0.1135,   0/  3,3.52404523
7,3,2,0.324949,0.32490699,0.32490699,0.1135,   0/  3,3.52619839
7,3,3,0.32495827,0.32490608,0.32490608,0.1135,   0/  3,3.52062631
7,3,4,0.32495644,0.32491001,0.32490608,0.1135,   1/  3,3.52626562
7,3,5,0.32495249,0.32490433,0.32490433,0.1135,   1/  3,3.52718544
7,3,6,0.32495957,0.32491649,0.32490433,0.1135,   2/  3,3.52501988
7,3,7,0.3249581,0.32491346,0.32490433,0.1135,   3/  3,3.52415729
7,4,0,0.34582624,0.30912175,0.30912175,0.1846,   0/  3,2.86020422
7,4,1,0.28474222,0.27488632,0.27488632,0.3325,   0/  3,2.87789774
7,4,2,0.27334986,0.27405645,0.27405645,0.3191,   0/  3,2.87901926
7,4,3,0.27223113,0.27290713,0.27290713,0.3423,   0/  3,2.87963104
7,4,4,0.27167345,0.27478561,0.27290713,0.333,   1/  3,2.87811947
7,4,5,0.27129235,0.2721343,0.2721343,0.3497,   1/  3,2.87821317
7,4,6,0.27093554,0.27226606,0.2721343,0.3423,   2/  3,2.87743521
7,4,7,0.27066958,0.27195156,0.27195156,0.341,   2/  3,2.8807137
7,4,8,0.27046534,0.27292687,0.27195156,0.3316,   3/  3,2.88310027
7,5,0,0.34739891,0.3250642,0.3250642,0.0982,   0/  3,3.49658608
7,5,1,0.32505752,0.32507629,0.3250642,0.101,   1/  3,3.50630641
7,5,2,0.32506477,0.32498949,0.32498949,0.1135,   1/  3,3.50412011
7,5,3,0.32504295,0.32503818,0.32498949,0.101,   2/  3,3.5077033
7,5,4,0.32506358,0.32494813,0.32494813,0.1135,   2/  3,3.50321007
7,5,5,0.32503649,0.3250432,0.32494813,0.1135,   3/  3,3.50961494
7,6,0,0.39591342,0.3250313,0.3250313,0.1135,   0/  3,2.93741226
7,6,1,0.32495602,0.32496249,0.32496249,0.1135,   0/  3,2.95605683
7,6,2,0.32496073,0.32491368,0.32491368,0.1135,   0/  3,2.95447302
7,6,3,0.32495673,0.32495018,0.32491368,0.1135,   1/  3,2.95655608
7,6,4,0.32495171,0.32492267,0.32491368,0.1135,   2/  3,2.95459485
7,6,5,0.32495508,0.32491413,0.32491368,0.1135,   3/  3,2.94854951
7,7,0,0.30653197,0.26110795,0.26110795,0.2843,   0/  3,3.39635682
7,7,1,0.25683056,0.25229786,0.25229786,0.2999,   0/  3,3.4150064
7,7,2,0.2525434,0.24910994,0.24910994,0.3388,   0/  3,3.41795659
7,7,3,0.24751156,0.24477579,0.24477579,0.3582,   0/  3,3.41586399
7,7,4,0.24522913,0.24368696,0.24368696,0.3804,   0/  3,3.4138732
7,7,5,0.24361829,0.24124202,0.24124202,0.3802,   0/  3,3.41936755
7,7,6,0.2423262,0.2406104,0.2406104,0.382,   0/  3,3.41415977
7,7,7,0.23936014,0.23306888,0.23306888,0.3888,   0/  3,3.41400146
7,7,8,0.23088543,0.23015842,0.23015842,0.4007,   0/  3,3.41293383
7,7,9,0.22828367,0.2262169,0.2262169,0.416,   0/  3,3.42279363
7,7,10,0.22658101,0.22725971,0.2262169,0.4242,   1/  3,3.41615582
7,7,11,0.225691,0.22441247,0.22441247,0.4319,   1/  3,3.41665459
7,7,12,0.22245042,0.22012951,0.22012951,0.4548,   1/  3,3.41068029
7,7,13,0.21121521,0.20642605,0.20642605,0.4913,   1/  3,3.41072869
7,7,14,0.20522273,0.20447242,0.20447242,0.4903,   1/  3,3.41318774
7,7,15,0.20245324,0.2027909,0.2027909,0.5001,   1/  3,3.41011143
7,7,16,0.20118532,0.20455904,0.2027909,0.4785,   2/  3,3.40882707
7,7,17,0.20034535,0.2012147,0.2012147,0.5002,   2/  3,3.41073918
7,7,18,0.19965207,0.20227446,0.2012147,0.5077,   3/  3,3.41335821
7,8,0,0.35268452,0.32493157,0.32493157,0.1135,   0/  3,3.42327881
7,8,1,0.32499861,0.32502506,0.32493157,0.1135,   1/  3,3.43581295
7,8,2,0.32499756,0.32496256,0.32493157,0.1135,   2/  3,3.43551826
7,8,3,0.32498808,0.32499893,0.32493157,0.1135,   3/  3,3.43437099
7,9,0,0.30210515,0.26499797,0.26499797,0.2955,   0/  3,3.46734715
7,9,1,0.25591569,0.25594452,0.25594452,0.3171,   0/  3,3.48371577
7,9,2,0.25099559,0.2525203,0.2525203,0.3431,   0/  3,3.48268604
7,9,3,0.24931799,0.25025351,0.25025351,0.3395,   0/  3,3.48974347
7,9,4,0.24836965,0.24876946,0.24876946,0.3507,   0/  3,3.486099
7,9,5,0.24756018,0.24962894,0.24876946,0.3419,   1/  3,3.48432612
7,9,6,0.24712729,0.24876482,0.24876482,0.3422,   1/  3,3.49132681
7,9,7,0.24673994,0.24818566,0.24818566,0.3426,   1/  3,3.49539351
7,9,8,0.24633052,0.24775355,0.24775355,0.3406,   1/  3,3.50284505
7,9,9,0.24605006,0.24745397,0.24745397,0.3486,   1/  3,3.5240798
7,9,10,0.24573896,0.24766815,0.24745397,0.35,   2/  3,3.54819107
7,9,11,0.24569968,0.24742516,0.24742516,0.3491,   2/  3,3.56365299
7,9,12,0.24537657,0.24741235,0.24741235,0.3465,   2/  3,3.61479187
7,9,13,0.24520356,0.24660154,0.24660154,0.3508,   2/  3,3.6768291
7,9,14,0.24484008,0.24683489,0.24660154,0.3516,   3/  3,3.68530536
8,0,0,0.34055551,0.32496059,0.32496059,0.1135,   0/  3,3.48998928
8,0,1,0.32500407,0.32497658,0.32496059,0.1135,   1/  3,3.50619483
8,0,2,0.32501823,0.32495023,0.32495023,0.1135,   1/  3,3.50592065
8,0,3,0.32500443,0.325004,0.32495023,0.1135,   2/  3,3.51036787
8,0,4,0.32501618,0.3249809,0.32495023,0.1135,   3/  3,3.50922704
8,1,0,0.38507635,0.32501522,0.32501522,0.1135,   0/  3,2.88264918
8,1,1,0.32495506,0.32495329,0.32495329,0.1135,   0/  3,2.89614892
8,1,2,0.3249599,0.32490885,0.32490885,0.1135,   0/  3,2.8949194
8,1,3,0.32495526,0.32491394,0.32490885,0.1135,   1/  3,2.89557481
8,1,4,0.32495257,0.3249346,0.32490885,0.1135,   2/  3,2.89344859
8,1,5,0.32494714,0.32492997,0.32490885,0.1135,   3/  3,2.89531946
8,2,0,0.34763617,0.31576876,0.31576876,0.2153,   0/  3,3.42146254
8,2,1,0.30822013,0.30019132,0.30019132,0.2125,   0/  3,3.43586898
8,2,2,0.29634106,0.29218872,0.29218872,0.2124,   0/  3,3.44322205
8,2,3,0.2910211,0.28862633,0.28862633,0.2129,   0/  3,3.43921471
8,2,4,0.28836557,0.28639006,0.28639006,0.2137,   0/  3,3.43533015
8,2,5,0.28694064,0.28530849,0.28530849,0.2072,   0/  3,3.43934536
8,2,6,0.28590163,0.28487578,0.28487578,0.2095,   0/  3,3.445611
8,2,7,0.28527769,0.28505692,0.28487578,0.2116,   1/  3,3.44245744
8,2,8,0.28476527,0.28384325,0.28384325,0.2126,   1/  3,3.45573258
8,2,9,0.284459,0.28338187,0.28338187,0.2144,   1/  3,3.47761106
8,2,10,0.28414076,0.28346383,0.28338187,0.2126,   2/  3,3.48237038
8,2,11,0.2838999,0.28321566,0.28321566,0.2114,   2/  3,3.50195122
8,2,12,0.2837533,0.28308394,0.28308394,0.2133,   2/  3,3.54024935
8,2,13,0.28355311,0.28262768,0.28262768,0.2137,   2/  3,3.54536939
8,2,14,0.28343868,0.28268265,0.28262768,0.2137,   3/  3,3.54232311
8,3,0,0.34938156,0.32499069,0.32499069,0.1135,   0/  3,3.49448013
8,3,1,0.32499823,0.32491051,0.32491051,0.1135,   0/  3,3.5161562
8,3,2,0.32499583,0.3249386,0.32491051,0.1135,   1/  3,3.51227021
8,3,3,0.3249961,0.32494904,0.32491051,0.1135,   2/  3,3.51793599
8,3,4,0.32499322,0.32497849,0.32491051,0.1135,   3/  3,3.51477027
8,4,0,0.33608861,0.29332089,0.29332089,0.2477,   0/  3,2.86102033
8,4,1,0.28353017,0.27795406,0.27795406,0.2467,   0/  3,2.87878609
8,4,2,0.27676955,0.27534397,0.27534397,0.2461,   0/  3,2.87926435
8,4,3,0.27509951,0.27389573,0.27389573,0.2602,   0/  3,2.88065505
8,4,4,0.27448198,0.2738678,0.2738678,0.2636,   0/  3,2.8777473
8,4,5,0.27371362,0.27315077,0.27315077,0.2572,   0/  3,2.88264847
8,4,6,0.27339495,0.27200911,0.27200911,0.264,   0/  3,2.87822938
8,4,7,0.27315803,0.27285149,0.27200911,0.2618,   1/  3,2.88510156
8,4,8,0.27305149,0.27282034,0.27200911,0.2673,   2/  3,2.88110328
8,4,9,0.27307701,0.27236495,0.27200911,0.2656,   3/  3,2.89118099
8,5,0,0.38782952,0.32506519,0.32506519,0.1135,   0/  3,3.37444401
8,5,1,0.32496419,0.32493801,0.32493801,0.1135,   0/  3,3.43101239
8,5,2,0.32496067,0.32491445,0.32491445,0.1135,   0/  3,3.45055294
8,5,3,0.32495489,0.32495185,0.32491445,0.1135,   1/  3,3.3911674
8,5,4,0.32495577,0.32493523,0.32491445,0.1135,   2/  3,3.5055232
8,5,5,0.32495966,0.32492061,0.32491445,0.1135,   3/  3,3.43690825
8,6,0,0.39328704,0.32509268,0.32509268,0.1135,   0/  3,2.94411492
8,6,1,0.3249596,0.32489775,0.32489775,0.1135,   0/  3,2.96308947
8,6,2,0.32495377,0.32492548,0.32489775,0.1135,   1/  3,2.95475197
8,6,3,0.32495506,0.32493557,0.32489775,0.1135,   2/  3,2.95974159
8,6,4,0.32495305,0.32491586,0.32489775,0.1135,   3/  3,2.95522976
8,7,0,0.36645559,0.32500812,0.32500812,0.1135,   0/  3,3.41856217
8,7,1,0.32496861,0.3249059,0.3249059,0.1135,   0/  3,3.38353229
8,7,2,0.32495365,0.32494699,0.3249059,0.1135,   1/  3,3.39194655
8,7,3,0.32495951,0.32491105,0.3249059,0.1135,   2/  3,3.40359235
8,7,4,0.32495725,0.32491121,0.3249059,0.1135,   3/  3,3.38779521
8,8,0,0.38653025,0.32503216,0.32503216,0.1135,   0/  3,3.39587808
8,8,1,0.32496749,0.32491997,0.32491997,0.1135,   0/  3,3.40727139
8,8,2,0.32495761,0.32490954,0.32490954,0.1135,   0/  3,3.38469124
8,8,3,0.32495874,0.32491676,0.32490954,0.1135,   1/  3,3.39788628
8,8,4,0.3249614,0.32491446,0.32490954,0.1135,   2/  3,3.38753676
8,8,5,0.32495145,0.32493361,0.32490954,0.1135,   3/  3,3.37977743
8,9,0,0.34157856,0.3249276,0.3249276,0.1135,   0/  3,3.43789554
8,9,1,0.3249973,0.32497727,0.3249276,0.1135,   1/  3,3.44656706
8,9,2,0.32501457,0.32495687,0.3249276,0.1135,   2/  3,3.44408107
8,9,3,0.32502389,0.32495002,0.3249276,0.1135,   3/  3,3.4513979
9,0,0,0.35039885,0.32489608,0.32489608,0.1135,   0/  3,3.50213718
9,0,1,0.32498143,0.32497466,0.32489608,0.1135,   1/  3,3.51633096
9,0,2,0.32500087,0.32493675,0.32489608,0.1135,   2/  3,3.51117277
9,0,3,0.32499886,0.32492705,0.32489608,0.1135,   3/  3,3.50587392
9,1,0,0.34132546,0.32505585,0.32505585,0.1135,   0/  3,2.87967777
9,1,1,0.32502692,0.32507478,0.32505585,0.098,   1/  3,2.88782811
9,1,2,0.32503217,0.32500279,0.32500279,0.1032,   1/  3,2.89113545
9,1,3,0.32502424,0.32502357,0.32500279,0.1135,   2/  3,2.89266491
9,1,4,0.32502623,0.324983,0.324983,0.1135,   2/  3,2.89287996
9,1,5,0.32501928,0.32505242,0.324983,0.1135,   3/  3,2.89477754
9,2,0,0.37591772,0.32500069,0.32500069,0.1135,   0/  3,3.42460656
9,2,1,0.32495375,0.32494216,0.32494216,0.1135,   0/  3,3.43880343
9,2,2,0.32495975,0.3249088,0.3249088,0.1135,   0/  3,3.4421041
9,2,3,0.32495344,0.32494823,0.3249088,0.1135,   1/  3,3.44305444
9,2,4,0.32495631,0.3249035,0.3249035,0.1135,   1/  3,3.44604349
9,2,5,0.32495571,0.32492803,0.3249035,0.1135,   2/  3,3.442132
9,2,6,0.32496077,0.32491619,0.3249035,0.1135,   3/  3,3.44322538
9,3,0,0.34584896,0.32497759,0.32497759,0.1135,   0/  3,3.44453597
9,3,1,0.32499016,0.32497714,0.32497714,0.1135,   0/  3,3.45877075
9,3,2,0.32500342,0.32491187,0.32491187,0.1135,   0/  3,3.45872045
9,3,3,0.32498083,0.32505867,0.32491187,0.1135,   1/  3,3.46355987
9,3,4,0.32499857,0.32495681,0.32491187,0.1135,   2/  3,3.46613288
9,3,5,0.32500007,0.32497798,0.32491187,0.1135,   3/  3,3.46469069
9,4,0,0.39732391,0.32505916,0.32505916,0.1135,   0/  3,2.88811421
9,4,1,0.32496463,0.32492517,0.32492517,0.1135,   0/  3,2.89929771
9,4,2,0.32495057,0.3249229,0.3249229,0.1135,   0/  3,2.9095819
9,4,3,0.32495792,0.32492993,0.3249229,0.1135,   1/  3,2.89785171
9,4,4,0.32495662,0.32491089,0.32491089,0.1135,   1/  3,2.90530705
9,4,5,0.32495743,0.32490626,0.32490626,0.1135,   1/  3,2.90082073
9,4,6,0.32495586,0.32490604,0.32490604,0.1135,   1/  3,2.89739799
9,4,7,0.32495067,0.32492512,0.32490604,0.1135,   2/  3,2.9022975
9,4,8,0.32495307,0.32495508,0.32490604,0.1135,   3/  3,2.9028852
9,5,0,0.34834817,0.32497068,0.32497068,0.1135,   0/  3,3.48500752
9,5,1,0.3250227,0.32497074,0.32497068,0.1135,   1/  3,3.49766207
9,5,2,0.32501344,0.32501973,0.32497068,0.1135,   2/  3,3.49912763
9,5,3,0.32503559,0.32494705,0.32494705,0.1028,   2/  3,3.50215125
9,5,4,0.32501946,0.32503481,0.32494705,0.1135,   3/  3,3.4985733
9,6,0,0.37567712,0.32497838,0.32497838,0.1135,   0/  3,2.9483664
9,6,1,0.30541557,0.28520918,0.28520918,0.2058,   0/  3,2.93470335
9,6,2,0.28252868,0.28435379,0.28435379,0.2145,   0/  3,2.93440199
9,6,3,0.27948155,0.27626541,0.27626541,0.2243,   0/  3,2.93200755
9,6,4,0.27758479,0.28093668,0.27626541,0.256,   1/  3,2.9330821
9,6,5,0.27372469,0.26586901,0.26586901,0.3036,   1/  3,2.93431044
9,6,6,0.26800932,0.26691867,0.26586901,0.292,   2/  3,2.93200922
9,6,7,0.26483596,0.26373121,0.26373121,0.3067,   2/  3,2.9350574
9,6,8,0.25834862,0.25530075,0.25530075,0.3138,   2/  3,2.93585467
9,6,9,0.25653393,0.26457751,0.25530075,0.3013,   3/  3,2.93908882
9,7,0,0.34675656,0.32501666,0.32501666,0.1135,   0/  3,3.43505788
9,7,1,0.32502946,0.32501932,0.32501666,0.1135,   1/  3,3.44286561
9,7,2,0.32502556,0.32499949,0.32499949,0.1135,   1/  3,3.44690943
9,7,3,0.32502372,0.32494048,0.32494048,0.1135,   1/  3,3.44510484
9,7,4,0.32501725,0.3250186,0.32494048,0.101,   2/  3,3.44452
9,7,5,0.32501707,0.32505597,0.32494048,0.1135,   3/  3,3.44515371
9,8,0,0.35431773,0.32496258,0.32496258,0.1135,   0/  3,3.4346025
9,8,1,0.32501942,0.32496287,0.32496258,0.1135,   1/  3,3.44319177
9,8,2,0.32501212,0.32500696,0.32496258,0.1009,   2/  3,3.44778371
9,8,3,0.32503451,0.32497227,0.32496258,0.1135,   3/  3,3.4476552
9,9,0,0.34601336,0.32500738,0.32500738,0.1135,   0/  3,3.44344687
9,9,1,0.32504524,0.32500471,0.32500471,0.1135,   0/  3,3.44942594
9,9,2,0.32503028,0.32495193,0.32495193,0.1135,   0/  3,3.45186949
9,9,3,0.32503524,0.32501701,0.32495193,0.1135,   1/  3,3.45582628
9,9,4,0.32504445,0.32507566,0.32495193,0.1135,   2/  3,3.45201254
9,9,5,0.32502879,0.32498333,0.32495193,0.1135,   3/  3,3.45885634
10,0,0,0.35178206,0.32498012,0.32498012,0.1135,   0/  3,3.49025416
10,0,1,0.32499974,0.32496139,0.32496139,0.1135,   0/  3,3.51051617
10,0,2,0.32499835,0.32492741,0.32492741,0.1135,   0/  3,3.51284838
10,0,3,0.32500023,0.3249135,0.3249135,0.1135,   0/  3,3.51407433
10,0,4,0.32498292,0.32492816,0.3249135,0.1135,   1/  3,3.51439381
10,0,5,0.324989,0.32494525,0.3249135,0.1135,   2/  3,3.51164126
10,0,6,0.32498932,0.32494884,0.3249135,0.1135,   3/  3,3.50685883
10,1,0,0.38731473,0.3250825,0.3250825,0.1028,   0/  3,2.87802768
10,1,1,0.32497436,0.32493218,0.32493218,0.1135,   0/  3,2.88730836
10,1,2,0.32495692,0.32493084,0.32493084,0.1135,   0/  3,2.89224839
10,1,3,0.324955,0.32490339,0.32490339,0.1135,   0/  3,2.8890326
10,1,4,0.32495761,0.32490535,0.32490339,0.1135,   1/  3,2.88903904
10,1,5,0.32495857,0.32490896,0.32490339,0.1135,   2/  3,2.89004993
10,1,6,0.32495085,0.3249335,0.32490339,0.1135,   3/  3,2.89261723
10,2,0,0.37424905,0.32499128,0.32499128,0.1135,   0/  3,3.43723536
10,2,1,0.32495292,0.32495248,0.32495248,0.1135,   0/  3,3.45226765
10,2,2,0.32494792,0.32493934,0.32493934,0.1135,   0/  3,3.45601296
10,2,3,0.32494877,0.3249548,0.32493934,0.1135,   1/  3,3.44411016
10,2,4,0.32495625,0.32494114,0.32493934,0.1135,   2/  3,3.44930577
10,2,5,0.32496287,0.32492668,0.32492668,0.1135,   2/  3,3.45142651
10,2,6,0.32495577,0.32492302,0.32492302,0.1135,   2/  3,3.44858766
10,2,7,0.32495482,0.32491732,0.32491732,0.1135,   2/  3,3.44760847
10,2,8,0.32495816,0.32492042,0.32491732,0.1135,   3/  3,3.45245194
10,3,0,0.31209432,0.28700564,0.28700564,0.212,   0/  3,3.46726942
10,3,1,0.26221704,0.25454469,0.25454469,0.2655,   0/  3,3.4806118
10,3,2,0.25221912,0.25098712,0.25098712,0.2904,   0/  3,3.47987676
10,3,3,0.25093088,0.2512366,0.25098712,0.2874,   1/  3,3.48171163
10,3,4,0.24962377,0.24960143,0.24960143,0.3056,   1/  3,3.48182559
10,3,5,0.24869491,0.24939088,0.24939088,0.3094,   1/  3,3.48800683
10,3,6,0.24808701,0.24789228,0.24789228,0.3146,   1/  3,3.48152161
10,3,7,0.24743761,0.24747814,0.24747814,0.329,   1/  3,3.48758245
10,3,8,0.24682436,0.24757347,0.24747814,0.3255,   2/  3,3.48818326
10,3,9,0.24661143,0.24661615,0.24661615,0.3253,   2/  3,3.5184145
10,3,10,0.24616046,0.24641803,0.24641803,0.3247,   2/  3,3.53533149
10,3,11,0.24651954,0.24550674,0.24550674,0.3295,   2/  3,3.54897094
10,3,12,0.24664201,0.24702001,0.24550674,0.3108,   3/  3,3.59840822
10,4,0,0.35531019,0.32494127,0.32494127,0.1135,   0/  3,2.89310956
10,4,1,0.32500004,0.32492449,0.32492449,0.1135,   0/  3,2.90615678
10,4,2,0.32500705,0.3249371,0.32492449,0.1135,   1/  3,2.90152192
10,4,3,0.32500766,0.32498524,0.32492449,0.1135,   2/  3,2.90284705
10,4,4,0.32499752,0.32498736,0.32492449,0.1135,   3/  3,2.90020132
10,5,0,0.33156702,0.29245115,0.29245115,0.2922,   0/  3,3.44385409
10,5,1,0.28072308,0.27073438,0.27073438,0.3942,   0/  3,3.46694493
10,5,2,0.26932567,0.26574004,0.26574004,0.4033,   0/  3,3.46636415
10,5,3,0.26289612,0.26128709,0.26128709,0.4099,   0/  3,3.46928239
10,5,4,0.25823846,0.25876013,0.25876013,0.3801,   0/  3,3.470716
10,5,5,0.25702009,0.26161439,0.25876013,0.3678,   1/  3,3.46908045
10,5,6,0.25661008,0.25676913,0.25676913,0.3937,   1/  3,3.47351551
10,5,7,0.25566006,0.25669361,0.25669361,0.3863,   1/  3,3.47229242
10,5,8,0.25550003,0.25904796,0.25669361,0.3841,   2/  3,3.48143196
10,5,9,0.25549436,0.25926591,0.25669361,0.3807,   3/  3,3.50264382
10,6,0,0.39891106,0.32512124,0.32512124,0.1135,   0/  3,2.93898916
10,6,1,0.32497168,0.32493107,0.32493107,0.1135,   0/  3,2.96582294
10,6,2,0.32494997,0.32491943,0.32491943,0.1135,   0/  3,2.96063709
10,6,3,0.32495835,0.32490181,0.32490181,0.1135,   0/  3,2.95947409
10,6,4,0.32495415,0.3249192,0.32490181,0.1135,   1/  3,2.95626855
10,6,5,0.32495795,0.32492781,0.32490181,0.1135,   2/  3,2.96115923
10,6,6,0.324954,0.32491888,0.32490181,0.1135,   3/  3,2.95919943
10,7,0,0.36824476,0.32494127,0.32494127,0.1135,   0/  3,3.44323182
10,7,1,0.32500454,0.32494509,0.32494127,0.1135,   1/  3,3.46041012
10,7,2,0.32500246,0.32507962,0.32494127,0.1135,   2/  3,3.44777584
10,7,3,0.3250076,0.32492772,0.32492772,0.1135,   2/  3,3.45250726
10,7,4,0.32500143,0.32504691,0.32492772,0.1028,   3/  3,3.4513979
10,8,0,0.36738868,0.32498364,0.32498364,0.1135,   0/  3,3.38671517
10,8,1,0.3249588,0.32494122,0.32494122,0.1135,   0/  3,3.40567565
10,8,2,0.32495799,0.32490872,0.32490872,0.1135,   0/  3,3.3789506
10,8,3,0.32494723,0.32494276,0.32490872,0.1135,   1/  3,3.42031646
10,8,4,0.32495182,0.324932,0.32490872,0.1135,   2/  3,3.40299678
10,8,5,0.32495213,0.32493792,0.32490872,0.1135,   3/  3,3.37995243
10,9,0,0.34865198,0.32495445,0.32495445,0.1135,   0/  3,3.48029327
10,9,1,0.32501707,0.32495192,0.32495192,0.1135,   0/  3,3.49752736
10,9,2,0.32500707,0.32498923,0.32495192,0.1135,   1/  3,3.50274611
10,9,3,0.32499994,0.32495671,0.32495192,0.1135,   2/  3,3.49742341
10,9,4,0.32500463,0.32499412,0.32495192,0.1135,   3/  3,3.49953556
