Generation,PID, Epoch, Training Loss, Validation Loss,Best Loss(Generation), Accuracy,EarlyStopCount,Runtime
0,0,0,0.33052663,0.28284253,0.28284253,0.2389,   0/  3,4.87233782
0,0,1,0.27502216,0.26376514,0.26376514,0.3368,   0/  3,4.93797207
0,0,2,0.26036729,0.25788454,0.25788454,0.2801,   0/  3,4.94132066
0,0,3,0.25789495,0.25669146,0.25669146,0.336,   0/  3,4.93489003
0,0,4,0.25710916,0.26051325,0.25669146,0.3193,   1/  3,4.94650769
0,0,5,0.25726946,0.25601113,0.25601113,0.353,   1/  3,4.9384048
0,0,6,0.2562023,0.2607211,0.25601113,0.3435,   2/  3,4.93686509
0,0,7,0.25657794,0.25885463,0.25601113,0.3237,   3/  3,4.94045568
0,1,0,0.15086307,0.11376104,0.11376104,0.8036,   0/  3,4.5312109
0,1,1,0.11454999,0.10858292,0.10858292,0.8036,   0/  3,4.54795074
0,1,2,0.1078847,0.10255007,0.10255007,0.8103,   0/  3,4.54590011
0,1,3,0.10474435,0.10029692,0.10029692,0.8173,   0/  3,4.55305839
0,1,4,0.10262498,0.09744303,0.09744303,0.8241,   0/  3,4.55720687
0,1,5,0.10109122,0.10986768,0.09744303,0.7938,   1/  3,4.56051493
0,1,6,0.10000072,0.09620112,0.09620112,0.8274,   1/  3,4.55269337
0,1,7,0.09907191,0.09987716,0.09620112,0.817,   2/  3,4.55921507
0,1,8,0.09801257,0.09465116,0.09465116,0.8275,   2/  3,4.56053782
0,1,9,0.09751438,0.09443445,0.09443445,0.8305,   2/  3,4.57587194
0,1,10,0.0971303,0.09918358,0.09443445,0.8234,   3/  3,4.59971881
0,2,0,0.21612662,0.15908168,0.15908168,0.6445,   0/  3,4.69762897
0,2,1,0.14157903,0.13626269,0.13626269,0.7371,   0/  3,4.73760557
0,2,2,0.11960131,0.11243445,0.11243445,0.7706,   0/  3,4.73979712
0,2,3,0.10987903,0.10992283,0.10992283,0.7785,   0/  3,4.73158431
0,2,4,0.10715344,0.1080763,0.1080763,0.7841,   0/  3,4.74189949
0,2,5,0.10474582,0.10579379,0.10579379,0.7989,   0/  3,4.73235035
0,2,6,0.10359798,0.10531715,0.10531715,0.7909,   0/  3,4.73390484
0,2,7,0.10150039,0.1047501,0.1047501,0.7953,   0/  3,4.74044085
0,2,8,0.10059182,0.10333221,0.10333221,0.8039,   0/  3,4.76420808
0,2,9,0.09868495,0.10016099,0.10016099,0.8201,   0/  3,4.82333946
0,2,10,0.09793074,0.10207329,0.10016099,0.8135,   1/  3,4.8445394
0,2,11,0.09688555,0.101283,0.10016099,0.8121,   2/  3,4.87056947
0,2,12,0.09599383,0.10072597,0.10016099,0.8117,   3/  3,4.97840047
0,3,0,0.29047958,0.23863749,0.23863749,0.4041,   0/  3,3.91531062
0,3,1,0.23028888,0.21593081,0.21593081,0.4646,   0/  3,3.94643593
0,3,2,0.19554549,0.16207768,0.16207768,0.6524,   0/  3,3.93493462
0,3,3,0.15266717,0.15068834,0.15068834,0.6807,   0/  3,3.93147564
0,3,4,0.14587944,0.14423908,0.14423908,0.6959,   0/  3,3.92452908
0,3,5,0.14181547,0.14559068,0.14423908,0.6939,   1/  3,3.92832661
0,3,6,0.13738003,0.13650657,0.13650657,0.738,   1/  3,3.93117332
0,3,7,0.13422479,0.14002122,0.13650657,0.7395,   2/  3,3.93028235
0,3,8,0.13228169,0.13630958,0.13630958,0.7457,   2/  3,3.93467045
0,3,9,0.13098148,0.1361773,0.1361773,0.7519,   2/  3,3.95987439
0,3,10,0.12948068,0.139787,0.1361773,0.7474,   3/  3,3.98456955
0,4,0,0.17720632,0.1227155,0.1227155,0.7452,   0/  3,4.20230007
0,4,1,0.11265797,0.08391643,0.08391643,0.8522,   0/  3,4.23298693
0,4,2,0.08018153,0.07560018,0.07560018,0.8779,   0/  3,4.20905757
0,4,3,0.07174143,0.07110953,0.07110953,0.8798,   0/  3,4.20346522
0,4,4,0.06823901,0.06671489,0.06671489,0.8907,   0/  3,4.20854163
0,4,5,0.06515218,0.06344795,0.06344795,0.8935,   0/  3,4.20953274
0,4,6,0.06125229,0.05996825,0.05996825,0.9005,   0/  3,4.21502042
0,4,7,0.05843976,0.05685781,0.05685781,0.9064,   0/  3,4.21977139
0,4,8,0.05647801,0.05770722,0.05685781,0.9035,   1/  3,4.23933125
0,4,9,0.05569169,0.0577328,0.05685781,0.908,   2/  3,4.30323172
0,4,10,0.05469506,0.05620306,0.05620306,0.9109,   2/  3,4.39038229
0,4,11,0.05449963,0.05513116,0.05513116,0.9103,   2/  3,4.42007613
0,4,12,0.05405056,0.05832047,0.05513116,0.9096,   3/  3,4.53551459
0,5,0,0.30307602,0.24779855,0.24779855,0.3214,   0/  3,3.9937861
0,5,1,0.2416699,0.23739523,0.23739523,0.3588,   0/  3,4.03449392
0,5,2,0.23483556,0.23487636,0.23487636,0.371,   0/  3,4.03829145
0,5,3,0.23095065,0.229528,0.229528,0.3936,   0/  3,4.03231955
0,5,4,0.2283608,0.22953082,0.229528,0.3893,   1/  3,4.03439832
0,5,5,0.22671219,0.23642532,0.229528,0.374,   2/  3,4.03626299
0,5,6,0.22546676,0.22417076,0.22417076,0.4168,   2/  3,4.0337162
0,5,7,0.22404372,0.2249045,0.22417076,0.4156,   3/  3,4.0376296
0,6,0,0.1972143,0.14320859,0.14320859,0.7613,   0/  3,5.45947909
0,6,1,0.1351772,0.12839484,0.12839484,0.7711,   0/  3,5.5087626
0,6,2,0.11996954,0.1099707,0.1099707,0.8171,   0/  3,5.52040148
0,6,3,0.11055445,0.10502276,0.10502276,0.8212,   0/  3,5.51629758
0,6,4,0.10629897,0.10505675,0.10502276,0.8236,   1/  3,5.51430869
0,6,5,0.10355871,0.10462141,0.10462141,0.8141,   1/  3,5.51156998
0,6,6,0.10203484,0.10046717,0.10046717,0.8217,   1/  3,5.5215075
0,6,7,0.10083609,0.1013343,0.10046717,0.8231,   2/  3,5.54514527
0,6,8,0.09974621,0.10142728,0.10046717,0.8187,   3/  3,5.62559748
0,7,0,0.34536261,0.32502003,0.32502003,0.1135,   0/  3,4.56888223
0,7,1,0.32504638,0.32502879,0.32502003,0.1135,   1/  3,4.59481549
0,7,2,0.32503206,0.32495845,0.32495845,0.1135,   1/  3,4.59178424
0,7,3,0.3250261,0.32501363,0.32495845,0.1135,   2/  3,4.59252334
0,7,4,0.32503117,0.32504411,0.32495845,0.1135,   3/  3,4.59940076
0,8,0,0.3732635,0.32501008,0.32501008,0.1135,   0/  3,5.38318014
0,8,1,0.32496237,0.32492834,0.32492834,0.1135,   0/  3,5.43206191
0,8,2,0.32495365,0.32491646,0.32491646,0.1135,   0/  3,5.41411972
0,8,3,0.32495421,0.32493349,0.32491646,0.1135,   1/  3,5.42120671
0,8,4,0.32495217,0.32492207,0.32491646,0.1135,   2/  3,5.42267466
0,8,5,0.32494955,0.3249257,0.32491646,0.1135,   3/  3,5.41484809
0,9,0,0.24859327,0.20743715,0.20743715,0.5363,   0/  3,5.29546475
0,9,1,0.19918383,0.18477595,0.18477595,0.5826,   0/  3,5.31279016
0,9,2,0.17602072,0.16378233,0.16378233,0.5993,   0/  3,5.30997586
0,9,3,0.15695647,0.1525143,0.1525143,0.6448,   0/  3,5.31446791
0,9,4,0.1430086,0.13666721,0.13666721,0.7203,   0/  3,5.30545735
0,9,5,0.13327854,0.12767495,0.12767495,0.733,   0/  3,5.30223846
0,9,6,0.12138318,0.11454903,0.11454903,0.7988,   0/  3,5.29651308
0,9,7,0.11093783,0.10983167,0.10983167,0.7924,   0/  3,5.31354642
0,9,8,0.10412651,0.11203058,0.10983167,0.8303,   1/  3,5.32677412
0,9,9,0.099521,0.10285294,0.10285294,0.8499,   1/  3,5.33115554
0,9,10,0.09543639,0.09803398,0.09803398,0.8577,   1/  3,5.3492322
0,9,11,0.09196266,0.09148825,0.09148825,0.8699,   1/  3,5.36149216
0,9,12,0.08869607,0.09273618,0.09148825,0.8676,   2/  3,5.40778708
0,9,13,0.0858206,0.08763927,0.08763927,0.8749,   2/  3,5.41667366
0,9,14,0.08377795,0.08765057,0.08763927,0.8788,   3/  3,5.42641926
1,0,0,0.23645181,0.17511413,0.17511413,0.637,   0/  3,5.45885754
1,0,1,0.15570014,0.14460884,0.14460884,0.747,   0/  3,5.49268508
1,0,2,0.13366411,0.13323422,0.13323422,0.7575,   0/  3,5.50328803
1,0,3,0.12738226,0.12652941,0.12652941,0.7892,   0/  3,5.53127885
1,0,4,0.12363303,0.12554316,0.12554316,0.7797,   0/  3,5.52458024
1,0,5,0.11945073,0.12427281,0.12427281,0.7799,   0/  3,5.52960086
1,0,6,0.11731961,0.11949076,0.11949076,0.8015,   0/  3,5.52746034
1,0,7,0.11501298,0.12033316,0.11949076,0.7951,   1/  3,5.54679942
1,0,8,0.11322119,0.12032336,0.11949076,0.7952,   2/  3,5.59538603
1,0,9,0.11172995,0.12103739,0.11949076,0.7983,   3/  3,5.68010211
1,1,0,0.22028579,0.17672658,0.17672658,0.6084,   0/  3,4.53011322
1,1,1,0.1658012,0.15724308,0.15724308,0.7099,   0/  3,4.53975844
1,1,2,0.14917509,0.14952689,0.14952689,0.7184,   0/  3,4.54194546
1,1,3,0.14328041,0.15015288,0.14952689,0.7083,   1/  3,4.53813028
1,1,4,0.14009078,0.14103456,0.14103456,0.7282,   1/  3,4.54338503
1,1,5,0.13750998,0.13801984,0.13801984,0.7319,   1/  3,4.55164003
1,1,6,0.13554868,0.14458103,0.13801984,0.718,   2/  3,4.54239511
1,1,7,0.13387781,0.13995552,0.13801984,0.7319,   3/  3,4.54968381
1,2,0,0.28174403,0.25890666,0.25890666,0.3056,   0/  3,4.69134092
1,2,1,0.25646714,0.2523945,0.2523945,0.3538,   0/  3,4.7297914
1,2,2,0.25386575,0.24626134,0.24626134,0.3671,   0/  3,4.72619939
1,2,3,0.25288635,0.25234901,0.24626134,0.3388,   1/  3,4.72348118
1,2,4,0.25243118,0.24963607,0.24626134,0.3721,   2/  3,4.71548367
1,2,5,0.25054976,0.248721,0.24626134,0.3531,   3/  3,4.71668243
1,3,0,0.27057635,0.23351519,0.23351519,0.4579,   0/  3,4.58146214
1,3,1,0.22081104,0.21421106,0.21421106,0.5554,   0/  3,4.61683917
1,3,2,0.20102647,0.17952881,0.17952881,0.5592,   0/  3,4.6075449
1,3,3,0.17304657,0.16912417,0.16912417,0.588,   0/  3,4.62027574
1,3,4,0.16871313,0.1676493,0.1676493,0.598,   0/  3,4.61903811
1,3,5,0.16519038,0.16801793,0.1676493,0.6267,   1/  3,4.62133074
1,3,6,0.16282178,0.16297095,0.16297095,0.6188,   1/  3,4.61381292
1,3,7,0.16174296,0.16475366,0.16297095,0.6118,   2/  3,4.61857581
1,3,8,0.16064387,0.16413312,0.16297095,0.638,   3/  3,4.63865519
1,4,0,0.2952785,0.25810647,0.25810647,0.278,   0/  3,4.51433778
1,4,1,0.25315491,0.24890979,0.24890979,0.3564,   0/  3,4.53494787
1,4,2,0.24588774,0.24610597,0.24610597,0.3546,   0/  3,4.53748441
1,4,3,0.24334611,0.24294139,0.24294139,0.3552,   0/  3,4.53973556
1,4,4,0.24172444,0.24423256,0.24294139,0.3542,   1/  3,4.53083229
1,4,5,0.23944101,0.23976397,0.23976397,0.3637,   1/  3,4.53650713
1,4,6,0.23859394,0.23851688,0.23851688,0.3619,   1/  3,4.53929615
1,4,7,0.23770646,0.23739007,0.23739007,0.3737,   1/  3,4.54512739
1,4,8,0.23691638,0.23851826,0.23739007,0.3626,   2/  3,4.55071354
1,4,9,0.23628654,0.24084891,0.23739007,0.3572,   3/  3,4.57925606
1,5,0,0.30221975,0.28158178,0.28158178,0.2139,   0/  3,4.02767825
1,5,1,0.2831002,0.28142689,0.28142689,0.2084,   0/  3,4.06729531
1,5,2,0.28276639,0.28165099,0.28142689,0.2169,   1/  3,4.06795788
1,5,3,0.2822038,0.28041169,0.28041169,0.2217,   1/  3,4.07408834
1,5,4,0.28021561,0.27688965,0.27688965,0.2459,   1/  3,4.06551409
1,5,5,0.27744718,0.27503868,0.27503868,0.2451,   1/  3,4.0636642
1,5,6,0.27599191,0.27429519,0.27429519,0.2479,   1/  3,4.06323504
1,5,7,0.27620028,0.27787218,0.27429519,0.2424,   2/  3,4.06944776
1,5,8,0.27585706,0.27274516,0.27274516,0.2517,   2/  3,4.07972598
1,5,9,0.27499842,0.27444182,0.27274516,0.2452,   3/  3,4.1384325
1,6,0,0.24296581,0.18016794,0.18016794,0.6354,   0/  3,5.22512174
1,6,1,0.167622,0.14885486,0.14885486,0.7385,   0/  3,5.25708008
1,6,2,0.1458806,0.14182867,0.14182867,0.762,   0/  3,5.2640233
1,6,3,0.13666722,0.13891393,0.13891393,0.7627,   0/  3,5.26567602
1,6,4,0.13052124,0.12843331,0.12843331,0.7823,   0/  3,5.26135111
1,6,5,0.12417238,0.12158598,0.12158598,0.7758,   0/  3,5.25609422
1,6,6,0.11824022,0.12279104,0.12158598,0.792,   1/  3,5.25827098
1,6,7,0.11458273,0.11508342,0.11508342,0.8071,   1/  3,5.25571728
1,6,8,0.11023024,0.10778141,0.10778141,0.8346,   1/  3,5.27445912
1,6,9,0.10546762,0.10702249,0.10702249,0.833,   1/  3,5.2981925
1,6,10,0.10310918,0.10358367,0.10358367,0.8395,   1/  3,5.3153162
1,6,11,0.10124956,0.11143585,0.10358367,0.8242,   2/  3,5.34112787
1,6,12,0.09958673,0.09860096,0.09860096,0.8465,   2/  3,5.39904857
1,6,13,0.09615501,0.10085877,0.09860096,0.845,   3/  3,5.42758393
1,7,0,0.26372375,0.2379117,0.2379117,0.4032,   0/  3,4.4683032
1,7,1,0.22781759,0.2270546,0.2270546,0.4439,   0/  3,4.50179577
1,7,2,0.22086637,0.22222935,0.22222935,0.4578,   0/  3,4.49925733
1,7,3,0.21673903,0.22000371,0.22000371,0.4467,   0/  3,4.49900866
1,7,4,0.214769,0.21762855,0.21762855,0.4528,   0/  3,4.49871445
1,7,5,0.21344232,0.21821137,0.21762855,0.4473,   1/  3,4.49903917
1,7,6,0.21259334,0.21563087,0.21563087,0.4558,   1/  3,4.5062232
1,7,7,0.21167896,0.21581185,0.21563087,0.4708,   2/  3,4.50480604
1,7,8,0.21108405,0.21906536,0.21563087,0.4543,   3/  3,4.50294518
1,8,0,0.38526264,0.32506356,0.32506356,0.1135,   0/  3,5.33179903
1,8,1,0.3249632,0.32491202,0.32491202,0.1135,   0/  3,5.36537433
1,8,2,0.32495961,0.32492122,0.32491202,0.1135,   1/  3,5.36622858
1,8,3,0.32495371,0.32493518,0.32491202,0.1135,   2/  3,5.36573172
1,8,4,0.32495426,0.32490835,0.32490835,0.1135,   2/  3,5.3626492
1,8,5,0.32495685,0.32492293,0.32490835,0.1135,   3/  3,5.36270094
1,9,0,0.33827763,0.30470273,0.30470273,0.1056,   0/  3,5.12810493
1,9,1,0.28753534,0.2775618,0.2775618,0.3146,   0/  3,5.12871671
1,9,2,0.27481764,0.27002666,0.27002666,0.3071,   0/  3,5.13400865
1,9,3,0.27237218,0.27108779,0.27002666,0.295,   1/  3,5.1337378
1,9,4,0.27221378,0.27185892,0.27002666,0.284,   2/  3,5.13215399
1,9,5,0.271561,0.26864603,0.26864603,0.2953,   2/  3,5.13284254
1,9,6,0.27124906,0.27050494,0.26864603,0.304,   3/  3,5.13353133
2,0,0,0.23802105,0.17360254,0.17360254,0.6322,   0/  3,5.30424762
2,0,1,0.15729612,0.13987819,0.13987819,0.7197,   0/  3,5.33832598
2,0,2,0.13759564,0.1283166,0.1283166,0.7506,   0/  3,5.34078193
2,0,3,0.12612276,0.12120726,0.12120726,0.7683,   0/  3,5.33740616
2,0,4,0.12012766,0.12501427,0.12120726,0.7563,   1/  3,5.33960605
2,0,5,0.11637716,0.11343123,0.11343123,0.781,   1/  3,5.34197092
2,0,6,0.11258109,0.11435712,0.11343123,0.7895,   2/  3,5.34005785
2,0,7,0.10997475,0.10790269,0.10790269,0.8053,   2/  3,5.35642481
2,0,8,0.1086332,0.11060567,0.10790269,0.794,   3/  3,5.41199088
2,1,0,0.23912772,0.19442311,0.19442311,0.556,   0/  3,4.55220532
2,1,1,0.17705232,0.17189141,0.17189141,0.6424,   0/  3,4.5797317
2,1,2,0.16530905,0.16367,0.16367,0.6699,   0/  3,4.58107185
2,1,3,0.16101593,0.16377435,0.16367,0.6627,   1/  3,4.58062911
2,1,4,0.158379,0.15955156,0.15955156,0.6772,   1/  3,4.56940985
2,1,5,0.15681163,0.15613543,0.15613543,0.6851,   1/  3,4.5737617
2,1,6,0.15496914,0.15384151,0.15384151,0.6986,   1/  3,4.57078481
2,1,7,0.15370281,0.15261177,0.15261177,0.7009,   1/  3,4.57489991
2,1,8,0.15262701,0.15406502,0.15261177,0.6962,   2/  3,4.57894468
2,1,9,0.1523717,0.15410307,0.15261177,0.6954,   3/  3,4.61324167
2,2,0,0.24687189,0.20886737,0.20886737,0.5199,   0/  3,5.33334398
2,2,1,0.17162266,0.14938638,0.14938638,0.7197,   0/  3,5.36571813
2,2,2,0.14337594,0.13180912,0.13180912,0.7579,   0/  3,5.37670064
2,2,3,0.13499327,0.1285459,0.1285459,0.7607,   0/  3,5.38892794
2,2,4,0.13120465,0.12875637,0.1285459,0.7562,   1/  3,5.38695025
2,2,5,0.12923318,0.13748789,0.1285459,0.7349,   2/  3,5.39362574
2,2,6,0.12720557,0.12717123,0.12717123,0.7546,   2/  3,5.39111543
2,2,7,0.1263245,0.12187952,0.12187952,0.7683,   2/  3,5.40727019
2,2,8,0.12540837,0.12252327,0.12187952,0.7637,   3/  3,5.46538424
2,3,0,0.29721988,0.24600264,0.24600264,0.4097,   0/  3,4.47564673
2,3,1,0.22960495,0.23769992,0.23769992,0.4646,   0/  3,4.50095367
2,3,2,0.22195859,0.21975344,0.21975344,0.4745,   0/  3,4.49866652
2,3,3,0.22302317,0.21827459,0.21827459,0.4761,   0/  3,4.5001092
2,3,4,0.21895893,0.22529171,0.21827459,0.4558,   1/  3,4.49427271
2,3,5,0.21529989,0.21255495,0.21255495,0.4954,   1/  3,4.50673461
2,3,6,0.21332429,0.22071785,0.21255495,0.4749,   2/  3,4.50224686
2,3,7,0.21339954,0.22133398,0.21255495,0.4728,   3/  3,4.50131917
2,4,0,0.13251981,0.07667036,0.07667036,0.8773,   0/  3,4.80996084
2,4,1,0.06933011,0.06264527,0.06264527,0.8966,   0/  3,4.83687997
2,4,2,0.060045,0.05522097,0.05522097,0.9073,   0/  3,4.84014106
2,4,3,0.05616771,0.05766547,0.05522097,0.9026,   1/  3,4.84046173
2,4,4,0.05464381,0.05849912,0.05522097,0.9045,   2/  3,4.84196115
2,4,5,0.05280935,0.05410796,0.05410796,0.9112,   2/  3,4.83937192
2,4,6,0.05150044,0.05343746,0.05343746,0.9121,   2/  3,4.83540058
2,4,7,0.05094744,0.05125281,0.05125281,0.9168,   2/  3,4.84752154
2,4,8,0.05020761,0.05508291,0.05125281,0.9125,   3/  3,4.86655998
2,5,0,0.32054009,0.26757981,0.26757981,0.2849,   0/  3,4.00401855
2,5,1,0.25469753,0.24833313,0.24833313,0.3544,   0/  3,4.04462147
2,5,2,0.24258882,0.24675952,0.24675952,0.3462,   0/  3,4.03967977
2,5,3,0.23902488,0.2377,0.2377,0.3774,   0/  3,4.04892063
2,5,4,0.2364449,0.23705914,0.23705914,0.3776,   0/  3,4.05527377
2,5,5,0.23625963,0.23506801,0.23506801,0.3812,   0/  3,4.04042816
2,5,6,0.23543323,0.23522226,0.23506801,0.3891,   1/  3,4.04826689
2,5,7,0.23469047,0.23592048,0.23506801,0.3808,   2/  3,4.04856968
2,5,8,0.2345781,0.23441988,0.23441988,0.4064,   2/  3,4.06934404
2,5,9,0.23391221,0.23289963,0.23289963,0.4014,   2/  3,4.15195417
2,5,10,0.23326283,0.23442661,0.23289963,0.4011,   3/  3,4.20030212
2,6,0,0.33482834,0.32508697,0.32508697,0.1135,   0/  3,5.27138472
2,6,1,0.32513315,0.32525719,0.32508697,0.1135,   1/  3,5.30382586
2,6,2,0.32511849,0.32517768,0.32508697,0.1032,   2/  3,5.3004756
2,6,3,0.32513213,0.32500774,0.32500774,0.1135,   2/  3,5.2982688
2,6,4,0.32509037,0.32515622,0.32500774,0.101,   3/  3,5.29685187
2,7,0,0.34006193,0.32500655,0.32500655,0.1135,   0/  3,5.16957331
2,7,1,0.32502717,0.32504636,0.32500655,0.1135,   1/  3,5.1886301
2,7,2,0.32502178,0.32499908,0.32499908,0.1028,   1/  3,5.18775058
2,7,3,0.3250409,0.32506569,0.32499908,0.101,   2/  3,5.20114613
2,7,4,0.32503476,0.32496011,0.32496011,0.1135,   2/  3,5.18861341
2,7,5,0.3250111,0.32502016,0.32496011,0.1135,   3/  3,5.18788505
2,8,0,0.3787072,0.32500065,0.32500065,0.1135,   0/  3,5.17174006
2,8,1,0.32496654,0.32491562,0.32491562,0.1135,   0/  3,5.1774261
2,8,2,0.32495597,0.32491263,0.32491263,0.1135,   0/  3,5.17488527
2,8,3,0.32495269,0.32491892,0.32491263,0.1135,   1/  3,5.17674804
2,8,4,0.32495098,0.3249341,0.32491263,0.1135,   2/  3,5.17743993
2,8,5,0.32495333,0.32491046,0.32491046,0.1135,   2/  3,5.17978549
2,8,6,0.32495677,0.32491766,0.32491046,0.1135,   3/  3,5.18473911
2,9,0,0.32315098,0.23415278,0.23415278,0.3401,   0/  3,5.22886109
2,9,1,0.23015544,0.22673889,0.22673889,0.3601,   0/  3,5.26369882
2,9,2,0.22638983,0.22659394,0.22659394,0.382,   0/  3,5.27167225
2,9,3,0.2256124,0.22425714,0.22425714,0.3811,   0/  3,5.25089526
2,9,4,0.2237072,0.22449781,0.22425714,0.386,   1/  3,5.24863315
2,9,5,0.22198063,0.22046785,0.22046785,0.3928,   1/  3,5.23958302
2,9,6,0.22074097,0.22241393,0.22046785,0.3961,   2/  3,5.24776697
2,9,7,0.22075328,0.22181333,0.22046785,0.396,   3/  3,5.25585532
3,0,0,0.38641615,0.32500718,0.32500718,0.1135,   0/  3,5.34961629
3,0,1,0.32496444,0.3249374,0.3249374,0.1135,   0/  3,5.38897371
3,0,2,0.32496031,0.32490666,0.32490666,0.1135,   0/  3,5.38526154
3,0,3,0.32495336,0.32491461,0.32490666,0.1135,   1/  3,5.37952781
3,0,4,0.32495994,0.32491647,0.32490666,0.1135,   2/  3,5.38458419
3,0,5,0.32494633,0.32494485,0.32490666,0.1135,   3/  3,5.3794291
3,1,0,0.24056003,0.204837,0.204837,0.5292,   0/  3,4.54192495
3,1,1,0.18995236,0.17611881,0.17611881,0.6336,   0/  3,4.56888413
3,1,2,0.16939936,0.16245011,0.16245011,0.662,   0/  3,4.56997633
3,1,3,0.16326868,0.15508691,0.15508691,0.6748,   0/  3,4.57210636
3,1,4,0.15987113,0.15307086,0.15307086,0.6837,   0/  3,4.57233524
3,1,5,0.15692836,0.15154596,0.15154596,0.6849,   0/  3,4.57205319
3,1,6,0.15511785,0.15623709,0.15154596,0.6664,   1/  3,4.57867885
3,1,7,0.15455198,0.14919282,0.14919282,0.6876,   1/  3,4.58299947
3,1,8,0.15350283,0.15104046,0.14919282,0.6897,   2/  3,4.59513021
3,1,9,0.1532532,0.1493613,0.14919282,0.6921,   3/  3,4.62310481
3,2,0,0.33518558,0.32516463,0.32516463,0.0981,   0/  3,4.63750792
3,2,1,0.32510322,0.32511542,0.32511542,0.1135,   0/  3,4.66652393
3,2,2,0.32507134,0.32497978,0.32497978,0.1135,   0/  3,4.67001629
3,2,3,0.32507717,0.32502683,0.32497978,0.1135,   1/  3,4.66871309
3,2,4,0.32506637,0.32505057,0.32497978,0.1028,   2/  3,4.67417908
3,2,5,0.32506648,0.32497691,0.32497691,0.1135,   2/  3,4.67699027
3,2,6,0.32508239,0.32493799,0.32493799,0.1135,   2/  3,4.66828752
3,2,7,0.32507607,0.32498697,0.32493799,0.1135,   3/  3,4.68410635
3,3,0,0.34342621,0.3251006,0.3251006,0.1135,   0/  3,4.74925876
3,3,1,0.32504858,0.32510969,0.3251006,0.0958,   1/  3,4.7845099
3,3,2,0.3250595,0.32494537,0.32494537,0.1135,   1/  3,4.79502892
3,3,3,0.32502758,0.32497687,0.32494537,0.1135,   2/  3,4.78309822
3,3,4,0.32504151,0.32504515,0.32494537,0.0982,   3/  3,4.78346205
3,4,0,0.23215597,0.16812259,0.16812259,0.6365,   0/  3,4.63502836
3,4,1,0.15183887,0.13625626,0.13625626,0.723,   0/  3,4.63603187
3,4,2,0.13580553,0.13216909,0.13216909,0.743,   0/  3,4.64735579
3,4,3,0.12982354,0.1297887,0.1297887,0.761,   0/  3,4.64639235
3,4,4,0.12464527,0.1201267,0.1201267,0.7818,   0/  3,4.64217782
3,4,5,0.12071833,0.11831315,0.11831315,0.7878,   0/  3,4.64627337
3,4,6,0.11880319,0.11836393,0.11831315,0.7824,   1/  3,4.65130568
3,4,7,0.11715942,0.11795302,0.11795302,0.7862,   1/  3,4.6482203
3,4,8,0.11511479,0.11669187,0.11669187,0.7808,   1/  3,4.66874385
3,4,9,0.11398628,0.11343442,0.11343442,0.7936,   1/  3,4.72060633
3,4,10,0.11302238,0.11258674,0.11258674,0.8036,   1/  3,4.75097871
3,4,11,0.11229269,0.11243657,0.11243657,0.7967,   1/  3,4.77165532
3,4,12,0.11127304,0.1158672,0.11243657,0.7855,   2/  3,4.86136365
3,4,13,0.11103979,0.11306865,0.11243657,0.8015,   3/  3,4.97534537
3,5,0,0.31151324,0.28200419,0.28200419,0.2121,   0/  3,4.00552249
3,5,1,0.28309276,0.2814537,0.2814537,0.2143,   0/  3,4.04654956
3,5,2,0.28256076,0.28091822,0.28091822,0.2196,   0/  3,4.04886746
3,5,3,0.28096159,0.27921219,0.27921219,0.2298,   0/  3,4.04154897
3,5,4,0.27847366,0.28008223,0.27921219,0.2307,   1/  3,4.04175353
3,5,5,0.27821412,0.27657743,0.27657743,0.2386,   1/  3,4.04822779
3,5,6,0.27738445,0.27539328,0.27539328,0.2441,   1/  3,4.04183722
3,5,7,0.27714636,0.27481676,0.27481676,0.2556,   1/  3,4.04778433
3,5,8,0.27515956,0.27443827,0.27443827,0.255,   1/  3,4.05331683
3,5,9,0.27555929,0.27254163,0.27254163,0.2509,   1/  3,4.11961746
3,5,10,0.27473806,0.27287317,0.27254163,0.2543,   2/  3,4.19250989
3,5,11,0.27589011,0.27522964,0.27254163,0.2453,   3/  3,4.21855283
3,6,0,0.37774835,0.32498685,0.32498685,0.1135,   0/  3,5.30172324
3,6,1,0.32496492,0.32493149,0.32493149,0.1135,   0/  3,5.34313393
3,6,2,0.32495484,0.32493167,0.32493149,0.1135,   1/  3,5.33267808
3,6,3,0.32496029,0.32490493,0.32490493,0.1135,   1/  3,5.33888078
3,6,4,0.3249622,0.32490967,0.32490493,0.1135,   2/  3,5.33748317
3,6,5,0.32495787,0.32491147,0.32490493,0.1135,   3/  3,5.33785105
3,7,0,0.33644895,0.32514569,0.32514569,0.1028,   0/  3,5.16397119
3,7,1,0.32510509,0.32519951,0.32514569,0.1135,   1/  3,5.173805
3,7,2,0.3251242,0.32512068,0.32512068,0.1135,   1/  3,5.172786
3,7,3,0.32509593,0.32503554,0.32503554,0.1135,   1/  3,5.17742109
3,7,4,0.3250767,0.32501902,0.32501902,0.1135,   1/  3,5.1712594
3,7,5,0.32507982,0.32517927,0.32501902,0.1135,   2/  3,5.18190742
3,7,6,0.32507515,0.32516337,0.32501902,0.101,   3/  3,5.18132901
3,8,0,0.39754327,0.32505101,0.32505101,0.1135,   0/  3,5.37244415
3,8,1,0.32496418,0.32491715,0.32491715,0.1135,   0/  3,5.40340114
3,8,2,0.32495273,0.32492839,0.32491715,0.1135,   1/  3,5.39654922
3,8,3,0.32495866,0.32490247,0.32490247,0.1135,   1/  3,5.39667511
3,8,4,0.32495944,0.32491561,0.32490247,0.1135,   2/  3,5.40418291
3,8,5,0.32495113,0.32492098,0.32490247,0.1135,   3/  3,5.40303183
3,9,0,0.19390715,0.14922764,0.14922764,0.6939,   0/  3,5.27624917
3,9,1,0.13272696,0.11485708,0.11485708,0.8267,   0/  3,5.32268286
3,9,2,0.10043922,0.09062304,0.09062304,0.8638,   0/  3,5.32059884
3,9,3,0.08893786,0.09778005,0.09062304,0.8403,   1/  3,5.31944251
3,9,4,0.08420359,0.08613055,0.08613055,0.8649,   1/  3,5.32447338
3,9,5,0.08060936,0.07936012,0.07936012,0.8827,   1/  3,5.32149839
3,9,6,0.07776273,0.07567497,0.07567497,0.8892,   1/  3,5.32322574
3,9,7,0.07579852,0.07982863,0.07567497,0.8803,   2/  3,5.33436084
3,9,8,0.07387751,0.07604733,0.07567497,0.8877,   3/  3,5.37868476
4,0,0,0.21586865,0.17618357,0.17618357,0.6188,   0/  3,5.31589627
4,0,1,0.16536158,0.16148547,0.16148547,0.6595,   0/  3,5.34455609
4,0,2,0.15817003,0.16118998,0.16118998,0.6665,   0/  3,5.35400987
4,0,3,0.15549971,0.15233651,0.15233651,0.6869,   0/  3,5.35236716
4,0,4,0.15317044,0.14992581,0.14992581,0.704,   0/  3,5.3513751
4,0,5,0.15172699,0.15274714,0.14992581,0.6984,   1/  3,5.35077047
4,0,6,0.14988613,0.15757769,0.14992581,0.6669,   2/  3,5.35141969
4,0,7,0.14886297,0.15213782,0.14992581,0.7002,   3/  3,5.3621273
4,1,0,0.26527555,0.19792997,0.19792997,0.4846,   0/  3,4.56626701
4,1,1,0.18826773,0.1853113,0.1853113,0.5502,   0/  3,4.59682846
4,1,2,0.18172398,0.17832311,0.17832311,0.5494,   0/  3,4.5913558
4,1,3,0.17948546,0.17813007,0.17813007,0.5516,   0/  3,4.58449054
4,1,4,0.17757771,0.17684232,0.17684232,0.552,   0/  3,4.59180284
4,1,5,0.17731297,0.18090325,0.17684232,0.5454,   1/  3,4.59162951
4,1,6,0.17683138,0.1735955,0.1735955,0.5676,   1/  3,4.59393907
4,1,7,0.17615933,0.17871835,0.1735955,0.5616,   2/  3,4.59575915
4,1,8,0.17485197,0.17632342,0.1735955,0.5533,   3/  3,4.61934757
4,2,0,0.19191869,0.14567544,0.14567544,0.6803,   0/  3,4.60431671
4,2,1,0.13140625,0.12587817,0.12587817,0.7573,   0/  3,4.63697648
4,2,2,0.12034277,0.12152101,0.12152101,0.7695,   0/  3,4.63679886
4,2,3,0.11569946,0.11276857,0.11276857,0.7969,   0/  3,4.63587904
4,2,4,0.10741882,0.10556975,0.10556975,0.8159,   0/  3,4.60337877
4,2,5,0.09879095,0.0948686,0.0948686,0.8404,   0/  3,4.60919785
4,2,6,0.09233561,0.0919611,0.0919611,0.8421,   0/  3,4.59728694
4,2,7,0.08719263,0.08358344,0.08358344,0.8606,   0/  3,4.60252833
4,2,8,0.08340364,0.08011971,0.08011971,0.8645,   0/  3,4.61477709
4,2,9,0.07905647,0.07810095,0.07810095,0.8659,   0/  3,4.62516594
4,2,10,0.07639908,0.07496309,0.07496309,0.8719,   0/  3,4.64071846
4,2,11,0.0744417,0.08134562,0.07496309,0.8622,   1/  3,4.65049887
4,2,12,0.07311842,0.07443642,0.07443642,0.8718,   1/  3,4.68568397
4,2,13,0.07195749,0.07289853,0.07289853,0.8837,   1/  3,4.70970678
4,2,14,0.07108727,0.07529663,0.07289853,0.8797,   2/  3,4.70933676
4,2,15,0.07035418,0.07649587,0.07289853,0.8729,   3/  3,4.71612906
4,3,0,0.28075908,0.1955564,0.1955564,0.5182,   0/  3,3.93267822
4,3,1,0.18521311,0.18030065,0.18030065,0.5522,   0/  3,3.96712971
4,3,2,0.1773334,0.17569797,0.17569797,0.5626,   0/  3,3.96362996
4,3,3,0.17387695,0.16913663,0.16913663,0.6018,   0/  3,3.97249746
4,3,4,0.17017882,0.16821823,0.16821823,0.6005,   0/  3,3.97458339
4,3,5,0.16764998,0.16632448,0.16632448,0.6089,   0/  3,3.97085214
4,3,6,0.16614174,0.16899201,0.16632448,0.5901,   1/  3,3.97278047
4,3,7,0.16383808,0.16161551,0.16161551,0.6177,   1/  3,3.97690058
4,3,8,0.16290327,0.16154805,0.16154805,0.633,   1/  3,3.98890996
4,3,9,0.16086433,0.1614913,0.1614913,0.6234,   1/  3,4.03106737
4,3,10,0.16129053,0.16794589,0.1614913,0.6079,   2/  3,4.06247902
4,3,11,0.15988415,0.16052259,0.16052259,0.6359,   2/  3,4.08049035
4,3,12,0.15902199,0.16307709,0.16052259,0.6332,   3/  3,4.12864399
4,4,0,0.38567275,0.32503596,0.32503596,0.1135,   0/  3,4.8916235
4,4,1,0.32496796,0.32490984,0.32490984,0.1135,   0/  3,4.9190228
4,4,2,0.32495379,0.32493759,0.32490984,0.1135,   1/  3,4.92776656
4,4,3,0.32495917,0.32494836,0.32490984,0.1135,   2/  3,4.92482257
4,4,4,0.3249534,0.32492773,0.32490984,0.1135,   3/  3,4.92154527
4,5,0,0.223193,0.15014011,0.15014011,0.6892,   0/  3,4.6443727
4,5,1,0.13155522,0.11346311,0.11346311,0.7891,   0/  3,4.64978456
4,5,2,0.11078781,0.11464366,0.11346311,0.7864,   1/  3,4.64854074
4,5,3,0.10349309,0.10422325,0.10422325,0.8171,   1/  3,4.64450359
4,5,4,0.09943772,0.09471985,0.09471985,0.8371,   1/  3,4.64809513
4,5,5,0.09612403,0.09662516,0.09471985,0.8357,   2/  3,4.64205313
4,5,6,0.09308464,0.09033913,0.09033913,0.8406,   2/  3,4.63716125
4,5,7,0.09173703,0.09180793,0.09033913,0.8417,   3/  3,4.63904881
4,6,0,0.31483059,0.18801165,0.18801165,0.5599,   0/  3,5.30133843
4,6,1,0.1732835,0.15610342,0.15610342,0.6811,   0/  3,5.29950714
4,6,2,0.14728645,0.13732954,0.13732954,0.7253,   0/  3,5.30922937
4,6,3,0.13727352,0.12973655,0.12973655,0.7423,   0/  3,5.31262422
4,6,4,0.13122594,0.13008482,0.12973655,0.7512,   1/  3,5.31540585
4,6,5,0.12684313,0.1272931,0.1272931,0.7517,   1/  3,5.30599022
4,6,6,0.12447258,0.11938787,0.11938787,0.779,   1/  3,5.30807447
4,6,7,0.12266466,0.12235917,0.11938787,0.775,   2/  3,5.30967712
4,6,8,0.12061298,0.1229388,0.11938787,0.7801,   3/  3,5.32445073
4,7,0,0.30974664,0.25794147,0.25794147,0.2728,   0/  3,4.5021503
4,7,1,0.24996696,0.24620904,0.24620904,0.3561,   0/  3,4.52902317
4,7,2,0.24270658,0.24184348,0.24184348,0.3681,   0/  3,4.53196216
4,7,3,0.23944818,0.23896069,0.23896069,0.3815,   0/  3,4.52809381
4,7,4,0.23722059,0.23726147,0.23726147,0.3855,   0/  3,4.530267
4,7,5,0.23549608,0.23654751,0.23654751,0.3861,   0/  3,4.52434802
4,7,6,0.23455361,0.23597694,0.23597694,0.3924,   0/  3,4.53170276
4,7,7,0.23379276,0.23449318,0.23449318,0.3976,   0/  3,4.53162766
4,7,8,0.2332508,0.23538414,0.23449318,0.4025,   1/  3,4.54560709
4,7,9,0.23308651,0.2336255,0.2336255,0.397,   1/  3,4.59648371
4,7,10,0.23243707,0.23553469,0.2336255,0.3991,   2/  3,4.61076903
4,7,11,0.23161381,0.2334003,0.2334003,0.3949,   2/  3,4.627949
4,7,12,0.23078054,0.2308653,0.2308653,0.4034,   2/  3,4.70232439
4,7,13,0.22995532,0.22963081,0.22963081,0.4046,   2/  3,4.76928782
4,7,14,0.22919663,0.22992852,0.22963081,0.4117,   3/  3,4.76699162
4,8,0,0.27322023,0.23344409,0.23344409,0.4125,   0/  3,5.3033421
4,8,1,0.22913121,0.21566852,0.21566852,0.5253,   0/  3,5.32159114
4,8,2,0.21376635,0.20622088,0.20622088,0.5104,   0/  3,5.32401061
4,8,3,0.19994318,0.1974848,0.1974848,0.5172,   0/  3,5.32906508
4,8,4,0.19289645,0.19171201,0.19171201,0.5168,   0/  3,5.33405495
4,8,5,0.19038869,0.18837468,0.18837468,0.5458,   0/  3,5.34207869
4,8,6,0.1886097,0.19573969,0.18837468,0.5285,   1/  3,5.33511877
4,8,7,0.18721119,0.18627684,0.18627684,0.5535,   1/  3,5.35487819
4,8,8,0.18549516,0.19011147,0.18627684,0.5803,   2/  3,5.38801861
4,8,9,0.18442396,0.18913131,0.18627684,0.5726,   3/  3,5.46214223
4,9,0,0.25308957,0.2141293,0.2141293,0.5995,   0/  3,5.47187281
4,9,1,0.20364783,0.18717919,0.18717919,0.6486,   0/  3,5.52256656
4,9,2,0.1820865,0.17603995,0.17603995,0.6518,   0/  3,5.5383575
4,9,3,0.1739314,0.17399357,0.17399357,0.7531,   0/  3,5.5406878
4,9,4,0.1667658,0.16636937,0.16636937,0.7652,   0/  3,5.52705431
4,9,5,0.16178006,0.16965281,0.16636937,0.7458,   1/  3,5.53056169
4,9,6,0.15806892,0.16842662,0.16636937,0.7557,   2/  3,5.53866434
4,9,7,0.15711517,0.16838044,0.16636937,0.7683,   3/  3,5.55288243
5,0,0,0.26109144,0.2017066,0.2017066,0.4886,   0/  3,5.29344606
5,0,1,0.18575546,0.17163823,0.17163823,0.5931,   0/  3,5.33285856
5,0,2,0.1676799,0.16545442,0.16545442,0.6118,   0/  3,5.32899237
5,0,3,0.16428383,0.16588516,0.16545442,0.6092,   1/  3,5.32762957
5,0,4,0.16025782,0.15887,0.15887,0.6426,   1/  3,5.33186293
5,0,5,0.15858013,0.15997977,0.15887,0.6394,   2/  3,5.33335137
5,0,6,0.15752261,0.15761524,0.15761524,0.6422,   2/  3,5.34577489
5,0,7,0.15645453,0.15992964,0.15761524,0.6465,   3/  3,5.34882641
5,1,0,0.3343613,0.32506622,0.32506622,0.101,   0/  3,4.69053817
5,1,1,0.32510868,0.32492248,0.32492248,0.1135,   0/  3,4.7171371
5,1,2,0.32508188,0.32502866,0.32492248,0.1135,   1/  3,4.72256899
5,1,3,0.32508043,0.32497774,0.32492248,0.1135,   2/  3,4.71772408
5,1,4,0.32509385,0.32506008,0.32492248,0.1135,   3/  3,4.72914219
5,2,0,0.17056304,0.12019261,0.12019261,0.7995,   0/  3,4.58067679
5,2,1,0.11664663,0.11117573,0.11117573,0.8079,   0/  3,4.60784006
5,2,2,0.11024252,0.10934739,0.10934739,0.8136,   0/  3,4.61814499
5,2,3,0.10500756,0.09924482,0.09924482,0.8281,   0/  3,4.61776423
5,2,4,0.10022451,0.095498,0.095498,0.8365,   0/  3,4.61292124
5,2,5,0.09703696,0.09290491,0.09290491,0.8458,   0/  3,4.61147785
5,2,6,0.0939116,0.09541122,0.09290491,0.8404,   1/  3,4.61208439
5,2,7,0.09004255,0.08934245,0.08934245,0.8529,   1/  3,4.61982799
5,2,8,0.08605907,0.08406151,0.08406151,0.862,   1/  3,4.63799644
5,2,9,0.08280584,0.08477164,0.08406151,0.8605,   2/  3,4.67707586
5,2,10,0.08045568,0.07847862,0.07847862,0.8698,   2/  3,4.70085049
5,2,11,0.07919052,0.0804283,0.07847862,0.8652,   3/  3,4.73582768
5,3,0,0.29315354,0.22169119,0.22169119,0.4212,   0/  3,4.5694108
5,3,1,0.2167963,0.20996223,0.20996223,0.4805,   0/  3,4.59425879
5,3,2,0.20084689,0.19201955,0.19201955,0.5395,   0/  3,4.59503341
5,3,3,0.19203308,0.18680466,0.18680466,0.5592,   0/  3,4.58933234
5,3,4,0.18658939,0.1807078,0.1807078,0.5578,   0/  3,4.59539223
5,3,5,0.18104966,0.17836659,0.17836659,0.5682,   0/  3,4.59250569
5,3,6,0.1774478,0.17580393,0.17580393,0.5678,   0/  3,4.5957067
5,3,7,0.17668455,0.17266922,0.17266922,0.5763,   0/  3,4.60416293
5,3,8,0.17746471,0.17368707,0.17266922,0.5723,   1/  3,4.6244843
5,3,9,0.17390382,0.17267131,0.17266922,0.575,   2/  3,4.65894604
5,3,10,0.1745909,0.169936,0.169936,0.5853,   2/  3,4.69138026
5,3,11,0.17350681,0.16954595,0.16954595,0.5866,   2/  3,4.71995068
5,3,12,0.17755152,0.17837398,0.16954595,0.5627,   3/  3,4.78338313
5,4,0,0.15863589,0.0966056,0.0966056,0.8448,   0/  3,4.79725695
5,4,1,0.08160899,0.06843091,0.06843091,0.8877,   0/  3,4.81165028
5,4,2,0.06770021,0.06403321,0.06403321,0.895,   0/  3,4.8173039
5,4,3,0.06280012,0.06779816,0.06403321,0.8981,   1/  3,4.82412648
5,4,4,0.05880799,0.05847357,0.05847357,0.9058,   1/  3,4.82556129
5,4,5,0.05667647,0.05561486,0.05561486,0.9132,   1/  3,4.82385612
5,4,6,0.05514368,0.05772784,0.05561486,0.9131,   2/  3,4.82853055
5,4,7,0.05374468,0.05479817,0.05479817,0.9126,   2/  3,4.82551122
5,4,8,0.05273569,0.05629367,0.05479817,0.9105,   3/  3,4.85861182
5,5,0,0.24844575,0.19022312,0.19022312,0.5722,   0/  3,4.63222194
5,5,1,0.1824871,0.17843647,0.17843647,0.5954,   0/  3,4.67079282
5,5,2,0.17195753,0.1676473,0.1676473,0.6356,   0/  3,4.66493177
5,5,3,0.16832633,0.17067693,0.1676473,0.6301,   1/  3,4.66633224
5,5,4,0.1667203,0.16224752,0.16224752,0.6545,   1/  3,4.66339588
5,5,5,0.16556375,0.16747223,0.16224752,0.6518,   2/  3,4.66963887
5,5,6,0.16464568,0.16184993,0.16184993,0.6592,   2/  3,4.66958642
5,5,7,0.16407322,0.16659328,0.16184993,0.6395,   3/  3,4.67575502
5,6,0,0.27470872,0.21344009,0.21344009,0.4442,   0/  3,5.20334268
5,6,1,0.20279528,0.19835441,0.19835441,0.5105,   0/  3,5.24271798
5,6,2,0.19513907,0.19088103,0.19088103,0.5599,   0/  3,5.25032043
5,6,3,0.18932382,0.18393581,0.18393581,0.572,   0/  3,5.24185395
5,6,4,0.18136451,0.18045104,0.18045104,0.5851,   0/  3,5.24055481
5,6,5,0.17120125,0.16682254,0.16682254,0.6284,   0/  3,5.23886251
5,6,6,0.16023289,0.16024574,0.16024574,0.6391,   0/  3,5.23649096
5,6,7,0.15154232,0.14744281,0.14744281,0.6676,   0/  3,5.24364424
5,6,8,0.14677918,0.15553431,0.14744281,0.6457,   1/  3,5.27098083
5,6,9,0.14486325,0.14447713,0.14447713,0.6753,   1/  3,5.28901982
5,6,10,0.1433663,0.14515344,0.14447713,0.6851,   2/  3,5.30266714
5,6,11,0.14193597,0.14280564,0.14280564,0.6753,   2/  3,5.3402338
5,6,12,0.14093626,0.14238716,0.14238716,0.6813,   2/  3,5.37650394
5,6,13,0.14014044,0.14115371,0.14115371,0.6865,   2/  3,5.37661839
5,6,14,0.13907581,0.14055501,0.14055501,0.6883,   2/  3,5.37398791
5,6,15,0.1381921,0.14236253,0.14055501,0.6784,   3/  3,5.38939142
5,7,0,0.30571502,0.26814869,0.26814869,0.2846,   0/  3,4.49551272
5,7,1,0.26499437,0.26224972,0.26224972,0.3077,   0/  3,4.52075744
5,7,2,0.26121218,0.25978496,0.25978496,0.3101,   0/  3,4.5193727
5,7,3,0.26014725,0.25910475,0.25910475,0.305,   0/  3,4.51984215
5,7,4,0.2575933,0.25788048,0.25788048,0.314,   0/  3,4.51618266
5,7,5,0.25843278,0.25397042,0.25397042,0.3361,   0/  3,4.51541591
5,7,6,0.25623025,0.25549619,0.25397042,0.3259,   1/  3,4.52056599
5,7,7,0.25584611,0.25431332,0.25397042,0.3418,   2/  3,4.52686381
5,7,8,0.25468564,0.24973864,0.24973864,0.3488,   2/  3,4.52673411
5,7,9,0.25380567,0.2532944,0.24973864,0.3268,   3/  3,4.55637288
5,8,0,0.20895805,0.16689038,0.16689038,0.6343,   0/  3,5.25042105
5,8,1,0.15445993,0.142182,0.142182,0.6959,   0/  3,5.26538539
5,8,2,0.13692382,0.1318934,0.1318934,0.739,   0/  3,5.26077557
5,8,3,0.13011285,0.12762063,0.12762063,0.7574,   0/  3,5.26509595
5,8,4,0.12637411,0.12666538,0.12666538,0.7496,   0/  3,5.26064849
5,8,5,0.12371468,0.1251944,0.1251944,0.7593,   0/  3,5.26280999
5,8,6,0.12199172,0.1269785,0.1251944,0.7646,   1/  3,5.26365709
5,8,7,0.12030126,0.12542416,0.1251944,0.7592,   2/  3,5.26190472
5,8,8,0.11876868,0.12112692,0.12112692,0.7781,   2/  3,5.28749561
5,8,9,0.11741306,0.11708532,0.11708532,0.7818,   2/  3,5.3268292
5,8,10,0.11585874,0.11739,0.11708532,0.7893,   3/  3,5.33727384
5,9,0,0.19433665,0.13781451,0.13781451,0.7335,   0/  3,5.2910893
5,9,1,0.13102706,0.11347214,0.11347214,0.7831,   0/  3,5.33043003
5,9,2,0.11177891,0.10458173,0.10458173,0.8238,   0/  3,5.34086156
5,9,3,0.09994937,0.09581035,0.09581035,0.8312,   0/  3,5.32741046
5,9,4,0.09219507,0.08700658,0.08700658,0.8591,   0/  3,5.33314276
5,9,5,0.08897769,0.08668853,0.08668853,0.8611,   0/  3,5.31859183
5,9,6,0.08553157,0.0842607,0.0842607,0.8678,   0/  3,5.32876444
5,9,7,0.08333828,0.08630233,0.0842607,0.8583,   1/  3,5.32898402
5,9,8,0.08103847,0.08156595,0.08156595,0.8685,   1/  3,5.34151244
5,9,9,0.07938951,0.07971399,0.07971399,0.8703,   1/  3,5.36465883
5,9,10,0.07839944,0.08461233,0.07971399,0.8596,   2/  3,5.38501
5,9,11,0.07776654,0.09129894,0.07971399,0.8426,   3/  3,5.40290618
6,0,0,0.20088115,0.15408356,0.15408356,0.6548,   0/  3,5.27925658
6,0,1,0.12776281,0.11389356,0.11389356,0.7921,   0/  3,5.29884267
6,0,2,0.10871409,0.10325451,0.10325451,0.8176,   0/  3,5.30424285
6,0,3,0.10160562,0.09697729,0.09697729,0.8368,   0/  3,5.30560517
6,0,4,0.09739798,0.09263365,0.09263365,0.8403,   0/  3,5.29861212
6,0,5,0.09475616,0.09566807,0.09263365,0.8361,   1/  3,5.29764199
6,0,6,0.0921665,0.09193385,0.09193385,0.845,   1/  3,5.29647946
6,0,7,0.09117752,0.09444102,0.09193385,0.8403,   2/  3,5.31085753
6,0,8,0.08977814,0.08666404,0.08666404,0.8523,   2/  3,5.32476354
6,0,9,0.08942775,0.08985463,0.08666404,0.8496,   3/  3,5.35211802
6,1,0,0.33505431,0.32502747,0.32502747,0.1032,   0/  3,4.60278916
6,1,1,0.32511381,0.32522302,0.32502747,0.1135,   1/  3,4.63651466
6,1,2,0.32511223,0.32505729,0.32502747,0.1135,   2/  3,4.63951182
6,1,3,0.32512066,0.32512176,0.32502747,0.1135,   3/  3,4.63644004
6,2,0,0.34835862,0.32498838,0.32498838,0.1135,   0/  3,4.85479212
6,2,1,0.32501337,0.32497712,0.32497712,0.1135,   0/  3,4.9120791
6,2,2,0.32501025,0.324961,0.324961,0.1135,   0/  3,4.9116261
6,2,3,0.32501972,0.32497199,0.324961,0.1135,   1/  3,4.91237402
6,2,4,0.32501969,0.32502366,0.324961,0.1135,   2/  3,4.91343617
6,2,5,0.32501072,0.32497219,0.324961,0.1135,   3/  3,4.91081309
6,3,0,0.22281973,0.16016544,0.16016544,0.6958,   0/  3,4.53521585
6,3,1,0.15060438,0.1409897,0.1409897,0.7368,   0/  3,4.58471155
6,3,2,0.13755576,0.13639111,0.13639111,0.7378,   0/  3,4.57711601
6,3,3,0.13315752,0.13062224,0.13062224,0.7544,   0/  3,4.58308697
6,3,4,0.13092488,0.12968569,0.12968569,0.7537,   0/  3,4.58673525
6,3,5,0.12986273,0.12700184,0.12700184,0.7528,   0/  3,4.58598804
6,3,6,0.12844223,0.13047895,0.12700184,0.7478,   1/  3,4.57617903
6,3,7,0.1275459,0.1276216,0.12700184,0.7537,   2/  3,4.58432364
6,3,8,0.12705777,0.1351106,0.12700184,0.7396,   3/  3,4.59438491
6,4,0,0.22955187,0.15393035,0.15393035,0.6682,   0/  3,4.71635199
6,4,1,0.14532234,0.12423501,0.12423501,0.7474,   0/  3,4.73395801
6,4,2,0.11945614,0.11127753,0.11127753,0.7953,   0/  3,4.72780252
6,4,3,0.10988048,0.10402942,0.10402942,0.8135,   0/  3,4.72652149
6,4,4,0.10271871,0.09661332,0.09661332,0.8419,   0/  3,4.72964501
6,4,5,0.09387305,0.08986956,0.08986956,0.8543,   0/  3,4.73050189
6,4,6,0.08868268,0.09055223,0.08986956,0.8461,   1/  3,4.72049856
6,4,7,0.08599641,0.08502301,0.08502301,0.8598,   1/  3,4.72859955
6,4,8,0.08279463,0.09146157,0.08502301,0.8438,   2/  3,4.75747204
6,4,9,0.08104799,0.0821971,0.0821971,0.8626,   2/  3,4.81018758
6,4,10,0.08010582,0.07740077,0.07740077,0.8687,   2/  3,4.83959842
6,4,11,0.07934125,0.07744733,0.07740077,0.873,   3/  3,4.88095999
6,5,0,0.16812216,0.10194521,0.10194521,0.8376,   0/  3,4.74211907
6,5,1,0.08423836,0.07564191,0.07564191,0.8791,   0/  3,4.77646017
6,5,2,0.07236861,0.06765163,0.06765163,0.8945,   0/  3,4.77643633
6,5,3,0.06608985,0.06637689,0.06637689,0.8904,   0/  3,4.78010201
6,5,4,0.06120004,0.05722677,0.05722677,0.9066,   0/  3,4.78274846
6,5,5,0.05783787,0.0583398,0.05722677,0.9069,   1/  3,4.78186846
6,5,6,0.05586147,0.05583689,0.05583689,0.9141,   1/  3,4.78393269
6,5,7,0.05464496,0.05491008,0.05491008,0.9112,   1/  3,4.79023123
6,5,8,0.05354697,0.05310159,0.05310159,0.917,   1/  3,4.79929352
6,5,9,0.05271919,0.05195138,0.05195138,0.9163,   1/  3,4.85565948
6,5,10,0.05200759,0.05226065,0.05195138,0.916,   2/  3,4.88308024
6,5,11,0.05122814,0.05302944,0.05195138,0.9155,   3/  3,4.90611696
6,6,0,0.23723745,0.16681758,0.16681758,0.6396,   0/  3,5.21633935
6,6,1,0.15500847,0.14369852,0.14369852,0.7234,   0/  3,5.24378133
6,6,2,0.13705895,0.12605812,0.12605812,0.7613,   0/  3,5.23905611
6,6,3,0.12685406,0.12218993,0.12218993,0.7776,   0/  3,5.24348187
6,6,4,0.12265413,0.12307586,0.12218993,0.7783,   1/  3,5.24544358
6,6,5,0.11933228,0.11675039,0.11675039,0.7809,   1/  3,5.23321557
6,6,6,0.11779557,0.11996509,0.11675039,0.7749,   2/  3,5.24448037
6,6,7,0.11717663,0.12000542,0.11675039,0.7741,   3/  3,5.24993563
6,7,0,0.38865334,0.32502357,0.32502357,0.1135,   0/  3,4.51099324
6,7,1,0.32496521,0.32493492,0.32493492,0.1135,   0/  3,4.53278327
6,7,2,0.32494992,0.32492988,0.32492988,0.1135,   0/  3,4.53516126
6,7,3,0.32495645,0.3249282,0.3249282,0.1135,   0/  3,4.53308797
6,7,4,0.32495355,0.324931,0.3249282,0.1135,   1/  3,4.52829313
6,7,5,0.32495477,0.3249136,0.3249136,0.1135,   1/  3,4.53224754
6,7,6,0.32494838,0.32492606,0.3249136,0.1135,   2/  3,4.53535104
6,7,7,0.32495949,0.32491436,0.3249136,0.1135,   3/  3,4.55561805
6,8,0,0.18311606,0.11423722,0.11423722,0.7958,   0/  3,5.19832921
6,8,1,0.10631108,0.09889508,0.09889508,0.8299,   0/  3,5.23793244
6,8,2,0.09736916,0.09326554,0.09326554,0.8384,   0/  3,5.2379818
6,8,3,0.09480661,0.09293399,0.09293399,0.831,   0/  3,5.24773884
6,8,4,0.09219135,0.09303563,0.09293399,0.8385,   1/  3,5.24576068
6,8,5,0.09053289,0.08874406,0.08874406,0.8464,   1/  3,5.23269105
6,8,6,0.08934786,0.09323655,0.08874406,0.8394,   2/  3,5.23039246
6,8,7,0.08839692,0.09118763,0.08874406,0.8406,   3/  3,5.23898315
6,9,0,0.260222,0.24023872,0.24023872,0.4528,   0/  3,5.30937886
6,9,1,0.2295371,0.21967564,0.21967564,0.546,   0/  3,5.36499786
6,9,2,0.20273801,0.19668777,0.19668777,0.5986,   0/  3,5.37018824
6,9,3,0.18457046,0.1752061,0.1752061,0.6452,   0/  3,5.37156415
6,9,4,0.17207665,0.16610228,0.16610228,0.6402,   0/  3,5.37709689
6,9,5,0.16666473,0.16343282,0.16343282,0.6299,   0/  3,5.374542
6,9,6,0.16392661,0.17574134,0.16343282,0.6357,   1/  3,5.37700987
6,9,7,0.16253681,0.1623842,0.1623842,0.6475,   1/  3,5.39478493
6,9,8,0.1605827,0.16132857,0.16132857,0.6519,   1/  3,5.43808246
6,9,9,0.16135048,0.15944748,0.15944748,0.6561,   1/  3,5.50233579
6,9,10,0.1594536,0.16935022,0.15944748,0.6559,   2/  3,5.5415535
6,9,11,0.15690148,0.15546723,0.15546723,0.682,   2/  3,5.60264969
6,9,12,0.15290628,0.15326582,0.15326582,0.6961,   2/  3,5.79107451
6,9,13,0.15151037,0.15310723,0.15310723,0.6877,   2/  3,5.85714984
6,9,14,0.15058338,0.15983121,0.15310723,0.6919,   3/  3,5.84845734
7,0,0,0.19386474,0.15019484,0.15019484,0.6886,   0/  3,5.26862359
7,0,1,0.13245491,0.12347342,0.12347342,0.7491,   0/  3,5.31797361
7,0,2,0.11929351,0.11577063,0.11577063,0.7747,   0/  3,5.31133842
7,0,3,0.11351753,0.11124956,0.11124956,0.7855,   0/  3,5.30411148
7,0,4,0.10862991,0.10595854,0.10595854,0.8071,   0/  3,5.30765128
7,0,5,0.1055496,0.10532173,0.10532173,0.8088,   0/  3,5.3017714
7,0,6,0.10252098,0.11523677,0.10532173,0.7974,   1/  3,5.29694605
7,0,7,0.09989115,0.09940512,0.09940512,0.8145,   1/  3,5.30007458
7,0,8,0.09744105,0.10082238,0.09940512,0.8173,   2/  3,5.32378769
7,0,9,0.09506466,0.09405817,0.09405817,0.8328,   2/  3,5.34246087
7,0,10,0.09379923,0.09182253,0.09182253,0.8451,   2/  3,5.35296822
7,0,11,0.09400981,0.09310013,0.09182253,0.8354,   3/  3,5.37359047
7,1,0,0.23058597,0.18131549,0.18131549,0.6132,   0/  3,4.54781413
7,1,1,0.16732382,0.15360655,0.15360655,0.6826,   0/  3,4.56572366
7,1,2,0.14644848,0.13322814,0.13322814,0.7474,   0/  3,4.57418871
7,1,3,0.1370162,0.13561372,0.13322814,0.7324,   1/  3,4.57408667
7,1,4,0.13448116,0.13164307,0.13164307,0.74,   1/  3,4.57473063
7,1,5,0.13211447,0.13418017,0.13164307,0.7311,   2/  3,4.57621694
7,1,6,0.13106304,0.13452709,0.13164307,0.74,   3/  3,4.57100105
7,2,0,0.29942156,0.25268273,0.25268273,0.3209,   0/  3,4.59286404
7,2,1,0.23544718,0.21943641,0.21943641,0.371,   0/  3,4.63292861
7,2,2,0.2194382,0.21151587,0.21151587,0.4044,   0/  3,4.64054847
7,2,3,0.21474629,0.21381466,0.21151587,0.464,   1/  3,4.6463027
7,2,4,0.21153386,0.20567047,0.20567047,0.4463,   1/  3,4.64036036
7,2,5,0.20915659,0.20787252,0.20567047,0.459,   2/  3,4.6368041
7,2,6,0.19465192,0.20479542,0.20479542,0.4789,   2/  3,4.64121151
7,2,7,0.17937288,0.17653342,0.17653342,0.6149,   2/  3,4.6463418
7,2,8,0.17014841,0.16843078,0.16843078,0.6436,   2/  3,4.65672874
7,2,9,0.1664105,0.17689051,0.16843078,0.6226,   3/  3,4.70583987
7,3,0,0.27262778,0.23941861,0.23941861,0.3729,   0/  3,4.6192975
7,3,1,0.23473749,0.23189919,0.23189919,0.4745,   0/  3,4.64925766
7,3,2,0.22594709,0.23759263,0.23189919,0.4076,   1/  3,4.6592021
7,3,3,0.23443252,0.23182334,0.23182334,0.4105,   1/  3,4.67164326
7,3,4,0.23062081,0.2272726,0.2272726,0.4335,   1/  3,4.67572427
7,3,5,0.22680947,0.22726603,0.22726603,0.4467,   1/  3,4.66263056
7,3,6,0.22503818,0.22535882,0.22535882,0.4425,   1/  3,4.67128229
7,3,7,0.22407609,0.22337579,0.22337579,0.4563,   1/  3,4.68121386
7,3,8,0.22286782,0.2228509,0.2228509,0.4591,   1/  3,4.71560287
7,3,9,0.22305527,0.22265413,0.22265413,0.457,   1/  3,4.78387403
7,3,10,0.22229152,0.22109075,0.22109075,0.462,   1/  3,4.81929946
7,3,11,0.22150778,0.221208,0.22109075,0.4674,   2/  3,4.87159228
7,3,12,0.22101341,0.2230297,0.22109075,0.454,   3/  3,5.01381898
7,4,0,0.210833,0.16250066,0.16250066,0.6559,   0/  3,4.61672115
7,4,1,0.14885329,0.13706371,0.13706371,0.7534,   0/  3,4.6730938
7,4,2,0.13305477,0.13070861,0.13070861,0.7746,   0/  3,4.67012811
7,4,3,0.12855425,0.12652498,0.12652498,0.7622,   0/  3,4.67727923
7,4,4,0.12314684,0.11720572,0.11720572,0.7758,   0/  3,4.67089868
7,4,5,0.10361022,0.09868568,0.09868568,0.8235,   0/  3,4.67268944
7,4,6,0.09332894,0.08872791,0.08872791,0.8471,   0/  3,4.66241956
7,4,7,0.0889946,0.08924427,0.08872791,0.8497,   1/  3,4.66821122
7,4,8,0.08630103,0.08736364,0.08736364,0.8529,   1/  3,4.69461703
7,4,9,0.08466129,0.08642029,0.08642029,0.8571,   1/  3,4.73749495
7,4,10,0.08278862,0.08699864,0.08642029,0.8567,   2/  3,4.75076556
7,4,11,0.08171775,0.08402604,0.08402604,0.8641,   2/  3,4.7877605
7,4,12,0.08123695,0.08087219,0.08087219,0.8659,   2/  3,4.8615942
7,4,13,0.07998014,0.07917374,0.07917374,0.8729,   2/  3,4.89602995
7,4,14,0.0794007,0.08058507,0.07917374,0.8672,   3/  3,4.8996129
7,5,0,0.19360078,0.11368895,0.11368895,0.7971,   0/  3,4.72404265
7,5,1,0.09835365,0.09262389,0.09262389,0.8593,   0/  3,4.75913143
7,5,2,0.07743392,0.06942459,0.06942459,0.893,   0/  3,4.75256896
7,5,3,0.06808576,0.06632459,0.06632459,0.8987,   0/  3,4.75298381
7,5,4,0.06365811,0.06285184,0.06285184,0.9023,   0/  3,4.74786139
7,5,5,0.06135349,0.06171868,0.06171868,0.905,   0/  3,4.75070858
7,5,6,0.0588271,0.06726763,0.06171868,0.8971,   1/  3,4.73224735
7,5,7,0.05614627,0.06007049,0.06007049,0.9113,   1/  3,4.74190617
7,5,8,0.0538425,0.05452046,0.05452046,0.9161,   1/  3,4.76157141
7,5,9,0.05101161,0.05063287,0.05063287,0.9227,   1/  3,4.78374767
7,5,10,0.04933897,0.05048611,0.05048611,0.9211,   1/  3,4.78849363
7,5,11,0.04796146,0.05639415,0.05048611,0.9127,   2/  3,4.80769968
7,5,12,0.04725042,0.05140313,0.05048611,0.9218,   3/  3,4.8559711
7,6,0,0.20591649,0.13941156,0.13941156,0.74,   0/  3,5.23725438
7,6,1,0.12428982,0.11971195,0.11971195,0.8124,   0/  3,5.29027653
7,6,2,0.11287501,0.10898862,0.10898862,0.8322,   0/  3,5.28260851
7,6,3,0.10219687,0.10187496,0.10187496,0.8385,   0/  3,5.2828331
7,6,4,0.09531609,0.09519004,0.09519004,0.8506,   0/  3,5.28372717
7,6,5,0.0897137,0.09238729,0.09238729,0.8507,   0/  3,5.28404284
7,6,6,0.08579052,0.08637483,0.08637483,0.8639,   0/  3,5.27934217
7,6,7,0.08340999,0.08637869,0.08637483,0.8718,   1/  3,5.28254771
7,6,8,0.08186868,0.08650333,0.08637483,0.8723,   2/  3,5.3065362
7,6,9,0.08044615,0.08256385,0.08256385,0.8749,   2/  3,5.34423304
7,6,10,0.0786204,0.08494261,0.08256385,0.877,   3/  3,5.34800172
7,7,0,0.39293034,0.32509843,0.32509843,0.1028,   0/  3,4.43314862
7,7,1,0.32496995,0.32493084,0.32493084,0.1135,   0/  3,4.44668221
7,7,2,0.32495156,0.32493186,0.32493084,0.1135,   1/  3,4.4487021
7,7,3,0.32496194,0.32492506,0.32492506,0.1135,   1/  3,4.44172573
7,7,4,0.32495735,0.32493677,0.32492506,0.1135,   2/  3,4.4458015
7,7,5,0.32494907,0.32494741,0.32492506,0.1135,   3/  3,4.45247006
7,8,0,0.24600767,0.16032784,0.16032784,0.6648,   0/  3,5.24376988
7,8,1,0.15110315,0.14070835,0.14070835,0.7221,   0/  3,5.28272867
7,8,2,0.13701921,0.13714312,0.13714312,0.7399,   0/  3,5.29185009
7,8,3,0.13286303,0.12975095,0.12975095,0.7489,   0/  3,5.29177904
7,8,4,0.13026877,0.13383472,0.12975095,0.7463,   1/  3,5.30099726
7,8,5,0.12863101,0.12857087,0.12857087,0.7633,   1/  3,5.30719209
7,8,6,0.12755869,0.13065232,0.12857087,0.7568,   2/  3,5.3085506
7,8,7,0.12619443,0.12789014,0.12789014,0.7648,   2/  3,5.30854058
7,8,8,0.12480183,0.12649963,0.12649963,0.7728,   2/  3,5.35236454
7,8,9,0.123697,0.12751018,0.12649963,0.7698,   3/  3,5.40080953
7,9,0,0.19755485,0.16995411,0.16995411,0.6451,   0/  3,5.2258029
7,9,1,0.15057282,0.14143116,0.14143116,0.7243,   0/  3,5.25149059
7,9,2,0.14174426,0.13762779,0.13762779,0.7222,   0/  3,5.23220229
7,9,3,0.13760358,0.13539154,0.13539154,0.7395,   0/  3,5.22629261
7,9,4,0.13536174,0.14603871,0.13539154,0.7055,   1/  3,5.24010205
7,9,5,0.1331414,0.13609027,0.13539154,0.7502,   2/  3,5.23478031
7,9,6,0.13164214,0.13065277,0.13065277,0.7736,   2/  3,5.23342943
7,9,7,0.12977468,0.1404831,0.13065277,0.7403,   3/  3,5.23656654
8,0,0,0.29269821,0.25000338,0.25000338,0.3128,   0/  3,5.14726186
8,0,1,0.24406326,0.24287414,0.24287414,0.3421,   0/  3,5.16670465
8,0,2,0.23949539,0.24023516,0.24023516,0.3689,   0/  3,5.16954732
8,0,3,0.23668299,0.23849968,0.23849968,0.3888,   0/  3,5.17007375
8,0,4,0.23466663,0.23478546,0.23478546,0.3925,   0/  3,5.1719594
8,0,5,0.23354019,0.23494049,0.23478546,0.4001,   1/  3,5.1675446
8,0,6,0.23263072,0.23664307,0.23478546,0.3864,   2/  3,5.16745472
8,0,7,0.23142851,0.2326957,0.2326957,0.4051,   2/  3,5.17232323
8,0,8,0.23072993,0.2327462,0.2326957,0.3989,   3/  3,5.19596171
8,1,0,0.33396439,0.32519254,0.32519254,0.1135,   0/  3,4.60472131
8,1,1,0.32515852,0.32521568,0.32519254,0.101,   1/  3,4.61893463
8,1,2,0.32512552,0.32514883,0.32514883,0.1135,   1/  3,4.61687803
8,1,3,0.32515253,0.32515027,0.32514883,0.1135,   2/  3,4.62905931
8,1,4,0.32514075,0.32500561,0.32500561,0.1135,   2/  3,4.62266088
8,1,5,0.32511055,0.32503884,0.32500561,0.1028,   3/  3,4.62514138
8,2,0,0.24316125,0.17159197,0.17159197,0.5825,   0/  3,4.51322651
8,2,1,0.16119993,0.1597176,0.1597176,0.6104,   0/  3,4.53203464
8,2,2,0.14672877,0.13449959,0.13449959,0.7226,   0/  3,4.51913834
8,2,3,0.13156435,0.12840568,0.12840568,0.7272,   0/  3,4.5291357
8,2,4,0.12846541,0.12510177,0.12510177,0.7342,   0/  3,4.52366185
8,2,5,0.12582697,0.12461409,0.12461409,0.7392,   0/  3,4.52901959
8,2,6,0.12493676,0.12409613,0.12409613,0.7344,   0/  3,4.52984619
8,2,7,0.12375944,0.12386327,0.12386327,0.7345,   0/  3,4.52428484
8,2,8,0.12276998,0.12054998,0.12054998,0.7492,   0/  3,4.5323019
8,2,9,0.12207846,0.11992756,0.11992756,0.754,   0/  3,4.54205418
8,2,10,0.12080127,0.1216483,0.11992756,0.7527,   1/  3,4.55733418
8,2,11,0.11998197,0.12559485,0.11992756,0.7456,   2/  3,4.5678401
8,2,12,0.11842384,0.12279222,0.11992756,0.7573,   3/  3,4.58940244
8,3,0,0.28084632,0.25575342,0.25575342,0.3269,   0/  3,4.69840217
8,3,1,0.25182505,0.25256451,0.25256451,0.3306,   0/  3,4.73831201
8,3,2,0.24985824,0.25318055,0.25256451,0.3109,   1/  3,4.72757459
8,3,3,0.2481628,0.24900663,0.24900663,0.3502,   1/  3,4.72902918
8,3,4,0.24588369,0.24709793,0.24709793,0.3674,   1/  3,4.72600746
8,3,5,0.24634689,0.24017662,0.24017662,0.3828,   1/  3,4.73612595
8,3,6,0.24020434,0.23786344,0.23786344,0.393,   1/  3,4.73259854
8,3,7,0.23831595,0.24164348,0.23786344,0.3774,   2/  3,4.74475336
8,3,8,0.23716985,0.2386688,0.23786344,0.3903,   3/  3,4.76106834
8,4,0,0.18225472,0.11341246,0.11341246,0.8336,   0/  3,4.77916288
8,4,1,0.10148043,0.08433053,0.08433053,0.8811,   0/  3,4.82923102
8,4,2,0.07196127,0.06571263,0.06571263,0.9002,   0/  3,4.80456614
8,4,3,0.06167336,0.05847776,0.05847776,0.9114,   0/  3,4.81125617
8,4,4,0.05683729,0.05861701,0.05847776,0.9115,   1/  3,4.81220388
8,4,5,0.05410629,0.05390513,0.05390513,0.9171,   1/  3,4.80693746
8,4,6,0.0508261,0.05308464,0.05308464,0.9193,   1/  3,4.81550384
8,4,7,0.04880057,0.04937906,0.04937906,0.9244,   1/  3,4.81839061
8,4,8,0.04715552,0.04906239,0.04906239,0.9268,   1/  3,4.8322413
8,4,9,0.04648427,0.04898499,0.04898499,0.9251,   1/  3,4.86688805
8,4,10,0.04547608,0.04924316,0.04898499,0.9273,   2/  3,4.88794875
8,4,11,0.04530638,0.04841226,0.04841226,0.9258,   2/  3,4.91033077
8,4,12,0.04441738,0.0502571,0.04841226,0.9248,   3/  3,4.96992612
8,5,0,0.32672698,0.28720829,0.28720829,0.2411,   0/  3,4.69345546
8,5,1,0.27325169,0.24793603,0.24793603,0.3212,   0/  3,4.7394886
8,5,2,0.23582445,0.22804905,0.22804905,0.429,   0/  3,4.72877192
8,5,3,0.22539092,0.22454806,0.22454806,0.4076,   0/  3,4.7301321
8,5,4,0.22012759,0.22210656,0.22210656,0.4375,   0/  3,4.73106766
8,5,5,0.21643094,0.21699811,0.21699811,0.4626,   0/  3,4.72582006
8,5,6,0.2152581,0.21530905,0.21530905,0.4487,   0/  3,4.7379806
8,5,7,0.21434985,0.21477443,0.21477443,0.4603,   0/  3,4.73945308
8,5,8,0.21382391,0.21542522,0.21477443,0.4511,   1/  3,4.7737155
8,5,9,0.21360169,0.21805332,0.21477443,0.4433,   2/  3,4.86662602
8,5,10,0.21336477,0.21288814,0.21288814,0.4513,   2/  3,4.89264536
8,5,11,0.21056852,0.20826095,0.20826095,0.4684,   2/  3,4.95770788
8,5,12,0.20762987,0.20941253,0.20826095,0.4712,   3/  3,5.17916417
8,6,0,0.25069729,0.19679804,0.19679804,0.5328,   0/  3,5.28384757
8,6,1,0.18949316,0.17398016,0.17398016,0.6371,   0/  3,5.30854225
8,6,2,0.16744616,0.14754344,0.14754344,0.6772,   0/  3,5.31097031
8,6,3,0.14586247,0.13900646,0.13900646,0.7068,   0/  3,5.31539798
8,6,4,0.13885296,0.13888589,0.13888589,0.719,   0/  3,5.31492805
8,6,5,0.13480179,0.13277352,0.13277352,0.7494,   0/  3,5.30740476
8,6,6,0.13218839,0.12883652,0.12883652,0.7528,   0/  3,5.31369448
8,6,7,0.13023274,0.12930752,0.12883652,0.7569,   1/  3,5.32611394
8,6,8,0.129827,0.12997216,0.12883652,0.7418,   2/  3,5.36062384
8,6,9,0.1287684,0.12678796,0.12678796,0.7577,   2/  3,5.41303635
8,6,10,0.12810599,0.12733159,0.12678796,0.7548,   3/  3,5.45013237
8,7,0,0.33818893,0.32501975,0.32501975,0.101,   0/  3,4.47529244
8,7,1,0.32507945,0.32508456,0.32501975,0.1135,   1/  3,4.48558116
8,7,2,0.32508622,0.32500813,0.32500813,0.1135,   1/  3,4.48167348
8,7,3,0.32506287,0.32506743,0.32500813,0.0958,   2/  3,4.49158764
8,7,4,0.32507735,0.32500138,0.32500138,0.1135,   2/  3,4.4855392
8,7,5,0.32507221,0.32503321,0.32500138,0.1135,   3/  3,4.48199296
8,8,0,0.29183992,0.25725817,0.25725817,0.3115,   0/  3,5.30042863
8,8,1,0.25968467,0.25457478,0.25457478,0.3144,   0/  3,5.3251586
8,8,2,0.25657397,0.25226334,0.25226334,0.3339,   0/  3,5.33594155
8,8,3,0.25518807,0.25092741,0.25092741,0.3423,   0/  3,5.33420849
8,8,4,0.25441863,0.25587954,0.25092741,0.3332,   1/  3,5.33743978
8,8,5,0.25291891,0.25436352,0.25092741,0.3308,   2/  3,5.33421826
8,8,6,0.25407521,0.25411595,0.25092741,0.326,   3/  3,5.34023643
8,9,0,0.34224287,0.32499958,0.32499958,0.1135,   0/  3,5.3364234
8,9,1,0.32507333,0.32494602,0.32494602,0.1135,   0/  3,5.36234212
8,9,2,0.32505854,0.32498783,0.32494602,0.1135,   1/  3,5.36660147
8,9,3,0.3250384,0.32520902,0.32494602,0.1135,   2/  3,5.36117291
8,9,4,0.32506341,0.32495603,0.32494602,0.1135,   3/  3,5.36491537
9,0,0,0.21010033,0.15519886,0.15519886,0.6874,   0/  3,5.16271877
9,0,1,0.14411658,0.14427714,0.14427714,0.7695,   0/  3,5.21152425
9,0,2,0.13389892,0.1330036,0.1330036,0.7797,   0/  3,5.21644521
9,0,3,0.12834158,0.12804161,0.12804161,0.7877,   0/  3,5.22219253
9,0,4,0.12472122,0.12686718,0.12686718,0.7974,   0/  3,5.21550226
9,0,5,0.12194395,0.12833007,0.12686718,0.7947,   1/  3,5.22682905
9,0,6,0.11984126,0.12689225,0.12686718,0.8027,   2/  3,5.21855998
9,0,7,0.11743851,0.12011462,0.12011462,0.8228,   2/  3,5.21303439
9,0,8,0.11532843,0.11888011,0.11888011,0.8244,   2/  3,5.22929668
9,0,9,0.11367401,0.11652659,0.11652659,0.825,   2/  3,5.23943996
9,0,10,0.11224381,0.11566835,0.11566835,0.8289,   2/  3,5.24587464
9,0,11,0.11195789,0.11748573,0.11566835,0.825,   3/  3,5.26446819
9,1,0,0.3361549,0.32524457,0.32524457,0.1135,   0/  3,4.57910275
9,1,1,0.32511554,0.32508674,0.32508674,0.1135,   0/  3,4.59579134
9,1,2,0.32512872,0.32499839,0.32499839,0.1135,   0/  3,4.60170341
9,1,3,0.32507737,0.32512491,0.32499839,0.1135,   1/  3,4.60084438
9,1,4,0.32510445,0.32501422,0.32499839,0.1028,   2/  3,4.60765886
9,1,5,0.32510155,0.32502658,0.32499839,0.1135,   3/  3,4.60795808
9,2,0,0.27781359,0.24579511,0.24579511,0.4166,   0/  3,4.50552297
9,2,1,0.24254445,0.21934248,0.21934248,0.5212,   0/  3,4.51960659
9,2,2,0.2105253,0.19481121,0.19481121,0.5933,   0/  3,4.52422714
9,2,3,0.19072201,0.18491952,0.18491952,0.6218,   0/  3,4.52451611
9,2,4,0.18280934,0.17699752,0.17699752,0.6495,   0/  3,4.53049064
9,2,5,0.17702827,0.17475644,0.17475644,0.6483,   0/  3,4.53117657
9,2,6,0.17228335,0.17027784,0.17027784,0.652,   0/  3,4.52574801
9,2,7,0.16793857,0.16707455,0.16707455,0.6754,   0/  3,4.53016806
9,2,8,0.16300732,0.16071911,0.16071911,0.6624,   0/  3,4.54128528
9,2,9,0.15924565,0.15734396,0.15734396,0.6762,   0/  3,4.56827736
9,2,10,0.15600905,0.15345737,0.15345737,0.6862,   0/  3,4.57708216
9,2,11,0.15454673,0.15267254,0.15267254,0.6901,   0/  3,4.58720589
9,2,12,0.15368521,0.1526881,0.15267254,0.6836,   1/  3,4.64676619
9,2,13,0.15305324,0.15117808,0.15117808,0.694,   1/  3,4.66308331
9,2,14,0.15217103,0.15231725,0.15117808,0.6902,   2/  3,4.66766214
9,2,15,0.15200909,0.15548169,0.15117808,0.6919,   3/  3,4.66694117
9,3,0,0.19233947,0.16033959,0.16033959,0.6378,   0/  3,4.55078673
9,3,1,0.14111325,0.13062587,0.13062587,0.7484,   0/  3,4.57370758
9,3,2,0.12171526,0.11476842,0.11476842,0.784,   0/  3,4.57995868
9,3,3,0.11306615,0.10659423,0.10659423,0.7872,   0/  3,4.57729411
9,3,4,0.10774972,0.10358702,0.10358702,0.7986,   0/  3,4.57709837
9,3,5,0.10471659,0.10683967,0.10358702,0.7993,   1/  3,4.58200121
9,3,6,0.10253936,0.10088699,0.10088699,0.8172,   1/  3,4.57812524
9,3,7,0.10060786,0.09855509,0.09855509,0.8197,   1/  3,4.57346964
9,3,8,0.09851338,0.0951146,0.0951146,0.831,   1/  3,4.58471346
9,3,9,0.09710157,0.09857628,0.0951146,0.8261,   2/  3,4.60254669
9,3,10,0.09590911,0.09322244,0.09322244,0.8372,   2/  3,4.61180782
9,3,11,0.09572636,0.09352448,0.09322244,0.8383,   3/  3,4.63138056
9,4,0,0.15898266,0.10442893,0.10442893,0.8397,   0/  3,4.63668084
9,4,1,0.09405609,0.08580737,0.08580737,0.866,   0/  3,4.68976068
9,4,2,0.08455665,0.08187344,0.08187344,0.8687,   0/  3,4.6932497
9,4,3,0.07989391,0.08726094,0.08187344,0.8659,   1/  3,4.67874217
9,4,4,0.0768925,0.07815861,0.07815861,0.8797,   1/  3,4.67876673
9,4,5,0.07412606,0.0738726,0.0738726,0.8854,   1/  3,4.68222165
9,4,6,0.07199381,0.07357233,0.07357233,0.8817,   1/  3,4.68024373
9,4,7,0.07037579,0.07170954,0.07170954,0.8859,   1/  3,4.6835115
9,4,8,0.06877389,0.07595688,0.07170954,0.8843,   2/  3,4.69909382
9,4,9,0.06785122,0.06956922,0.06956922,0.8907,   2/  3,4.74492502
9,4,10,0.06688486,0.0703037,0.06956922,0.8863,   3/  3,4.77111411
9,5,0,0.14915789,0.09194499,0.09194499,0.8413,   0/  3,4.7256124
9,5,1,0.08929826,0.08080812,0.08080812,0.875,   0/  3,4.78100157
9,5,2,0.08058541,0.07621014,0.07621014,0.8871,   0/  3,4.79131532
9,5,3,0.076154,0.07211611,0.07211611,0.8852,   0/  3,4.79031968
9,5,4,0.07256472,0.07091185,0.07091185,0.8913,   0/  3,4.79237604
9,5,5,0.07022636,0.06979367,0.06979367,0.891,   0/  3,4.79186153
9,5,6,0.06823819,0.07057346,0.06979367,0.894,   1/  3,4.78404593
9,5,7,0.06613922,0.06437907,0.06437907,0.9061,   1/  3,4.79280138
9,5,8,0.06463548,0.06566703,0.06437907,0.9037,   2/  3,4.81928778
9,5,9,0.06347647,0.06682819,0.06437907,0.9019,   3/  3,4.88591313
9,6,0,0.3030545,0.23534558,0.23534558,0.3203,   0/  3,5.25500917
9,6,1,0.22794296,0.22591421,0.22591421,0.3609,   0/  3,5.32316494
9,6,2,0.21987035,0.21804168,0.21804168,0.389,   0/  3,5.31732392
9,6,3,0.21417897,0.21450133,0.21450133,0.4093,   0/  3,5.32083941
9,6,4,0.2106815,0.21132855,0.21132855,0.3946,   0/  3,5.32743001
9,6,5,0.20721794,0.20723133,0.20723133,0.4298,   0/  3,5.3167367
9,6,6,0.20476837,0.20442393,0.20442393,0.4364,   0/  3,5.31453133
9,6,7,0.20337461,0.20359895,0.20359895,0.4436,   0/  3,5.33333683
9,6,8,0.20256067,0.20564806,0.20359895,0.4494,   1/  3,5.36048079
9,6,9,0.20202041,0.20200792,0.20200792,0.446,   1/  3,5.42163539
9,6,10,0.20144831,0.20252689,0.20200792,0.4464,   2/  3,5.47137785
9,6,11,0.2012163,0.20223838,0.20200792,0.4416,   3/  3,5.52412677
9,7,0,0.36920714,0.28255885,0.28255885,0.2868,   0/  3,4.50589776
9,7,1,0.27272136,0.26229102,0.26229102,0.3121,   0/  3,4.50603414
9,7,2,0.26554783,0.26416065,0.26229102,0.3178,   1/  3,4.50751209
9,7,3,0.26150437,0.25702386,0.25702386,0.3553,   1/  3,4.50125718
9,7,4,0.25845859,0.25341162,0.25341162,0.3498,   1/  3,4.50810885
9,7,5,0.25323006,0.25106714,0.25106714,0.3607,   1/  3,4.50875783
9,7,6,0.25516544,0.25212272,0.25106714,0.3661,   2/  3,4.50083685
9,7,7,0.25327349,0.24985703,0.24985703,0.3665,   2/  3,4.51019073
9,7,8,0.25066807,0.24979091,0.24979091,0.3639,   2/  3,4.51493812
9,7,9,0.24937922,0.25006274,0.24979091,0.3576,   3/  3,4.54053712
9,8,0,0.22994955,0.19054201,0.19054201,0.5433,   0/  3,5.27842379
9,8,1,0.18704593,0.18113853,0.18113853,0.5912,   0/  3,5.30873275
9,8,2,0.18232448,0.18263919,0.18113853,0.5775,   1/  3,5.30654621
9,8,3,0.18026641,0.18191277,0.18113853,0.5976,   2/  3,5.30540085
9,8,4,0.17922885,0.17553095,0.17553095,0.6154,   2/  3,5.31215334
9,8,5,0.1750795,0.17278662,0.17278662,0.6406,   2/  3,5.30904675
9,8,6,0.17162692,0.16852967,0.16852967,0.6488,   2/  3,5.30895948
9,8,7,0.16959754,0.16841992,0.16841992,0.6455,   2/  3,5.31579041
9,8,8,0.16817524,0.16794655,0.16794655,0.6522,   2/  3,5.35246444
9,8,9,0.16778484,0.16758406,0.16758406,0.6536,   2/  3,5.41352534
9,8,10,0.16732484,0.16782815,0.16758406,0.6539,   3/  3,5.45023012
9,9,0,0.13048221,0.0830666,0.0830666,0.8789,   0/  3,5.26490712
9,9,1,0.08267851,0.07520103,0.07520103,0.8895,   0/  3,5.30749178
9,9,2,0.07214556,0.06765657,0.06765657,0.8936,   0/  3,5.30265903
9,9,3,0.06702855,0.06545263,0.06545263,0.902,   0/  3,5.3017025
9,9,4,0.06452406,0.06521257,0.06521257,0.9032,   0/  3,5.29299355
9,9,5,0.06170937,0.06071124,0.06071124,0.9106,   0/  3,5.29587698
9,9,6,0.0598703,0.06182865,0.06071124,0.9059,   1/  3,5.30548453
9,9,7,0.05859391,0.06057209,0.06057209,0.9141,   1/  3,5.30807638
9,9,8,0.05711877,0.06171295,0.06057209,0.9054,   2/  3,5.32314205
9,9,9,0.0556754,0.06084627,0.06057209,0.911,   3/  3,5.34767389
10,0,0,0.21458839,0.16330097,0.16330097,0.6589,   0/  3,5.28565836
10,0,1,0.15309416,0.13667617,0.13667617,0.7336,   0/  3,5.30146503
10,0,2,0.13468735,0.13291469,0.13291469,0.7405,   0/  3,5.29426932
10,0,3,0.12942849,0.12805391,0.12805391,0.74,   0/  3,5.30130196
10,0,4,0.12627215,0.12583735,0.12583735,0.7457,   0/  3,5.29489851
10,0,5,0.12417528,0.12941556,0.12583735,0.7455,   1/  3,5.29930305
10,0,6,0.12239543,0.12263345,0.12263345,0.7569,   1/  3,5.30746341
10,0,7,0.1201735,0.11935782,0.11935782,0.7658,   1/  3,5.30373764
10,0,8,0.11387733,0.11710775,0.11710775,0.779,   1/  3,5.32452059
10,0,9,0.10943139,0.10903682,0.10903682,0.7817,   1/  3,5.35773897
10,0,10,0.10676147,0.11137187,0.10903682,0.7845,   2/  3,5.37573576
10,0,11,0.10540621,0.10656359,0.10656359,0.7971,   2/  3,5.41568255
10,0,12,0.10295695,0.10283979,0.10283979,0.8181,   2/  3,5.51032686
10,0,13,0.10256791,0.10183421,0.10183421,0.8272,   2/  3,5.54972219
10,0,14,0.10148967,0.10082473,0.10082473,0.8331,   2/  3,5.54138947
10,0,15,0.09989634,0.10067344,0.10067344,0.8416,   2/  3,5.54956102
10,0,16,0.09861476,0.10006689,0.10006689,0.8403,   2/  3,5.55132532
10,0,17,0.09827932,0.0992052,0.0992052,0.8492,   2/  3,5.55273509
10,0,18,0.09726604,0.09713439,0.09713439,0.8487,   2/  3,5.55013037
10,0,19,0.0966874,0.0979547,0.09713439,0.8437,   3/  3,5.56033397
10,1,0,0.18875946,0.12537699,0.12537699,0.774,   0/  3,4.52906084
10,1,1,0.12232071,0.11170453,0.11170453,0.7922,   0/  3,4.56540084
10,1,2,0.11486701,0.10791786,0.10791786,0.8019,   0/  3,4.56532168
10,1,3,0.11190312,0.11385145,0.10791786,0.7914,   1/  3,4.55965972
10,1,4,0.1099051,0.107831,0.107831,0.8096,   1/  3,4.57008195
10,1,5,0.10900615,0.10709024,0.10709024,0.8041,   1/  3,4.56741977
10,1,6,0.10703904,0.10360138,0.10360138,0.8175,   1/  3,4.56031942
10,1,7,0.10644571,0.10575709,0.10360138,0.8078,   2/  3,4.56164885
10,1,8,0.1059986,0.10743533,0.10360138,0.8093,   3/  3,4.56253147
10,2,0,0.24913409,0.2219955,0.2219955,0.4644,   0/  3,4.5689497
10,2,1,0.21792465,0.20006842,0.20006842,0.5645,   0/  3,4.6095922
10,2,2,0.19111849,0.18105482,0.18105482,0.641,   0/  3,4.61157203
10,2,3,0.17231286,0.16957587,0.16957587,0.6699,   0/  3,4.60582423
10,2,4,0.16402827,0.16328272,0.16328272,0.6867,   0/  3,4.60536695
10,2,5,0.16221787,0.17140629,0.16328272,0.6651,   1/  3,4.60508156
10,2,6,0.1624297,0.16073529,0.16073529,0.6851,   1/  3,4.59938359
10,2,7,0.16073219,0.1593072,0.1593072,0.6908,   1/  3,4.60814214
10,2,8,0.15921142,0.16005523,0.1593072,0.6936,   2/  3,4.63972545
10,2,9,0.16283614,0.16200561,0.1593072,0.6788,   3/  3,4.69756722
10,3,0,0.16702,0.11211605,0.11211605,0.8089,   0/  3,4.54143357
10,3,1,0.09870859,0.09184731,0.09184731,0.8503,   0/  3,4.55674553
10,3,2,0.08971073,0.08962189,0.08962189,0.8524,   0/  3,4.55908513
10,3,3,0.08565544,0.08178122,0.08178122,0.862,   0/  3,4.5687778
10,3,4,0.08385289,0.08392432,0.08178122,0.8561,   1/  3,4.56656981
10,3,5,0.08214809,0.0818701,0.08178122,0.8609,   2/  3,4.56755471
10,3,6,0.08131105,0.08419381,0.08178122,0.8643,   3/  3,4.55988598
10,4,0,0.22790421,0.12898054,0.12898054,0.7353,   0/  3,4.77186584
10,4,1,0.10545195,0.08530835,0.08530835,0.8414,   0/  3,4.8353281
10,4,2,0.07710877,0.07436592,0.07436592,0.8857,   0/  3,4.83884931
10,4,3,0.0681728,0.07049255,0.07049255,0.8913,   0/  3,4.81581616
10,4,4,0.06400569,0.06502791,0.06502791,0.8968,   0/  3,4.82607341
10,4,5,0.05993064,0.06026435,0.06026435,0.9071,   0/  3,4.81374431
10,4,6,0.05748842,0.06050169,0.06026435,0.9054,   1/  3,4.81496882
10,4,7,0.05530167,0.06078621,0.06026435,0.8985,   2/  3,4.81838417
10,4,8,0.05343071,0.05916895,0.05916895,0.9067,   2/  3,4.84015584
10,4,9,0.05249606,0.05899831,0.05899831,0.9084,   2/  3,4.8788166
10,4,10,0.05188321,0.05528299,0.05528299,0.9123,   2/  3,4.88245153
10,4,11,0.05108653,0.05504086,0.05504086,0.9125,   2/  3,4.91170144
10,4,12,0.05030483,0.05444175,0.05444175,0.9131,   2/  3,4.99463058
10,4,13,0.04982691,0.05474801,0.05444175,0.9107,   3/  3,5.0276978
10,5,0,0.15224815,0.1085027,0.1085027,0.817,   0/  3,4.64932728
10,5,1,0.09367653,0.08159602,0.08159602,0.8598,   0/  3,4.69625401
10,5,2,0.08006291,0.07345022,0.07345022,0.8781,   0/  3,4.68425989
10,5,3,0.07578909,0.07397378,0.07345022,0.877,   1/  3,4.6898334
10,5,4,0.0736207,0.07005502,0.07005502,0.8814,   1/  3,4.69593787
10,5,5,0.0723418,0.07200511,0.07005502,0.8793,   2/  3,4.69200087
10,5,6,0.07115503,0.07159138,0.07005502,0.8775,   3/  3,4.69169378
10,6,0,0.34202311,0.3250537,0.3250537,0.1135,   0/  3,5.37508321
10,6,1,0.32502911,0.32518688,0.3250537,0.1135,   1/  3,5.41302991
10,6,2,0.32504969,0.32500555,0.32500555,0.1135,   1/  3,5.41771936
10,6,3,0.32501302,0.3250454,0.32500555,0.0982,   2/  3,5.40515971
10,6,4,0.32503396,0.32519187,0.32500555,0.0958,   3/  3,5.41980839
10,7,0,0.33043241,0.29798129,0.29798129,0.1869,   0/  3,4.62880492
10,7,1,0.25513969,0.2448911,0.2448911,0.388,   0/  3,4.66717958
10,7,2,0.2425929,0.24130976,0.24130976,0.4131,   0/  3,4.6618588
10,7,3,0.24155238,0.24122668,0.24122668,0.4022,   0/  3,4.67067933
10,7,4,0.23980162,0.23983446,0.23983446,0.4317,   0/  3,4.67295647
10,7,5,0.23964641,0.2440417,0.23983446,0.3823,   1/  3,4.66311121
10,7,6,0.23923874,0.24247476,0.23983446,0.4132,   2/  3,4.66915917
10,7,7,0.23771691,0.23855279,0.23855279,0.4085,   2/  3,4.6749227
10,7,8,0.23914503,0.24085054,0.23855279,0.3836,   3/  3,4.69828701
10,8,0,0.31307789,0.26370428,0.26370428,0.271,   0/  3,5.07023621
10,8,1,0.25424743,0.2497357,0.2497357,0.3484,   0/  3,5.08742046
10,8,2,0.24761809,0.24919582,0.24919582,0.3411,   0/  3,5.0960381
10,8,3,0.24556783,0.25744123,0.24919582,0.315,   1/  3,5.08739638
10,8,4,0.24511941,0.25320422,0.24919582,0.3324,   2/  3,5.08855557
10,8,5,0.2411906,0.24204359,0.24204359,0.39,   2/  3,5.08926105
10,8,6,0.24090527,0.24855149,0.24204359,0.3467,   3/  3,5.10188293
10,9,0,0.26344462,0.23095864,0.23095864,0.3808,   0/  3,5.23701525
10,9,1,0.22149614,0.20936344,0.20936344,0.4619,   0/  3,5.26062584
10,9,2,0.20398832,0.19829206,0.19829206,0.5127,   0/  3,5.26078701
10,9,3,0.19715863,0.19371428,0.19371428,0.5622,   0/  3,5.26006866
10,9,4,0.19225614,0.1928848,0.1928848,0.5756,   0/  3,5.25552082
10,9,5,0.18899154,0.19073377,0.19073377,0.5846,   0/  3,5.25264144
10,9,6,0.18728662,0.19327036,0.19073377,0.5937,   1/  3,5.26054263
10,9,7,0.1863796,0.1846626,0.1846626,0.6057,   1/  3,5.27743888
10,9,8,0.1847669,0.18511992,0.1846626,0.6073,   2/  3,5.30358839
10,9,9,0.18367732,0.18015515,0.18015515,0.6292,   2/  3,5.34765029
10,9,10,0.18229763,0.18231685,0.18015515,0.6158,   3/  3,5.37255239
